Name,WBCode,gi1_1996,gi2_1996,gi3_1996,gi4_1996,gi5_1996,gi6_1996,gi1_1998,gi2_1998,gi3_1998,gi4_1998,gi5_1998,gi6_1998,pi1_1998,pi2_1998,pi3_1998,gi1_2000,gi2_2000,gi3_2000,gi4_2000,gi5_2000,gi6_2000,gi1_2002,gi2_2002,gi3_2002,gi4_2002,gi5_2002,gi6_2002,pi1_2002,pi2_2002,pi3_2002,gi1_2004,gi2_2004,gi3_2004,gi4_2004,gi5_2004,gi6_2004,gi1_2006,gi2_2006,gi3_2006,gi4_2006,gi5_2006,gi6_2006,pi1_2006,pi2_2006,pi3_2006,gi1_2008,gi2_2008,gi3_2008,gi4_2008,gi5_2008,gi6_2008,gi1_2010,gi2_2010,gi3_2010,gi4_2010,gi5_2010,gi6_2010,pi1_2010,pi2_2010,pi3_2010,gi1_2012,gi2_2012,gi3_2012,gi4_2012,gi5_2012,gi6_2012,gi1_2014,gi2_2014,gi3_2014,gi4_2014,gi5_2014,gi6_2014,pi1_2014,pi2_2014,pi3_2014,gi1_2016,gi2_2016,gi3_2016,gi4_2016,gi5_2016,gi6_2016
Aruba,ABW,,,,,,,,,,,,,,,,,,,,,,,,,,,,,,,0.74,0.99,1.3,0.77,0.93,1.18,1.02,1.31,1.29,0.86,0.82,1.26,,,,0.97,1.32,1.28,0.89,0.86,1.29,1.28,1.1,1.25,1.35,1.42,1.13,,,,1.28,1.26,1.25,1.41,1.32,1.1,1.28,1.16,0.89,1.25,1.04,1.02,,,,1.27,1.28,0.9,1.35,1.29,1.29
Andorra,ADO,1.32,1.17,1.41,1.27,1.16,1.32,1.53,1.18,1.46,1.3,1.21,1.38,,,,1.54,1.17,1.45,1.28,1.31,1.36,1.44,1.28,1.42,1.47,1.25,1.35,,,,1.56,1.4,1.52,1.42,1.21,1.14,1.33,1.35,1.54,1.35,0.87,1.26,,,,1.33,1.34,1.54,1.4,1.2,1.29,1.32,1.28,1.52,1.39,1.2,1.31,,,,1.43,1.29,1.53,1.57,1.41,1.27,1.17,1.29,1.72,0.89,1.64,1.23,,,,1.2,1.4,1.86,0.87,1.56,1.23
Afghanistan,AFG,-1.29,-2.41,-2.18,-2.09,-1.79,-1.29,-2.04,-2.42,-2.14,-2.09,-1.74,-1.18,,,,-2.03,-2.44,-2.23,-2.11,-1.78,-1.3,-1.43,-2.04,-1.57,-1.8,-1.67,-1.26,,,,-1.2,-2.3,-0.89,-1.51,-1.7,-1.35,-1.11,-2.22,-1.43,-1.67,-1.86,-1.43,,,,-1.17,-2.69,-1.5,-1.62,-1.86,-1.64,-1.4,-2.58,-1.45,-1.53,-1.85,-1.64,,,,-1.27,-2.42,-1.36,-1.19,-1.64,-1.42,-1.14,-2.41,-1.33,-1.12,-1.45,-1.35,,,,-1.09,-2.75,-1.22,-1.33,-1.62,-1.56
Angola,AGO,-1.17,-2.06,-0.86,-1.42,-1.63,-1.17,-1.41,-2.31,-1.34,-1.69,-1.7,-1.41,,,,-1.46,-2.04,-1.46,-1.8,-1.66,-1.52,-1.24,-1.58,-1.24,-1.46,-1.62,-1.18,,,,-1.29,-1.06,-1.31,-1.25,-1.5,-1.31,-1.25,-0.54,-1.37,-1.13,-1.3,-1.22,2,0.67,-0.33,-1.12,-0.36,-1.06,-1.07,-1.37,-1.28,-1.12,-0.23,-1.12,-1.04,-1.27,-1.33,,,,-1.08,-0.39,-0.99,-0.97,-1.27,-1.27,-1.15,-0.33,-1.12,-0.99,-1.12,-1.44,,,,-1.17,-0.39,-1.04,-1,-1.08,-1.41
Anguilla,AIA,,,,,,,,,,,,,,,,,,,,,,,,,,,,,,,0.85,0.79,1.08,0.92,1.16,0.86,1.02,1.11,1.54,1.35,1.6,1.26,,,,0.97,1.12,1.54,1.4,1.67,1.29,0.99,1.37,1.52,1.39,1.38,1.31,,,,1.03,1.48,1.53,1.33,1.36,1.27,,1.16,0.95,0.89,0.02,1.23,,,,,1.31,1.33,0.87,-0.09,1.23
Albania,ALB,-0.89,-0.33,-0.69,-0.47,-0.68,-0.89,-0.39,-0.54,-0.63,-0.17,-0.92,-1.03,,,,-0.29,-0.54,-0.76,-0.25,-1.01,-0.86,-0.01,-0.29,-0.53,-0.22,-0.76,-0.87,,,,0.01,-0.43,-0.42,-0.17,-0.69,-0.7,0.08,-0.51,-0.52,-0.1,-0.68,-0.8,,,,0.17,-0.03,-0.36,0.15,-0.59,-0.59,0.12,-0.19,-0.28,0.23,-0.41,-0.53,,,,0.02,-0.14,-0.27,0.2,-0.52,-0.73,0.14,0.49,-0.09,0.22,-0.34,-0.55,,,,0.16,0.26,0,0.19,-0.35,-0.4
Netherlands Antilles (former),ANT,,,,,,,,,,,,,,,,,,,,,,,,,,,,,,,0.5,0.69,1.2,0.65,0.93,0.62,0.55,1.11,0.77,0.86,0.82,1.26,,,,0.53,1.12,0.76,0.89,0.73,1.29,0.33,0.96,0.75,0.89,0.85,0.82,,,,0.35,1.08,0.75,0.85,0.84,0.79,,,,,,,,,,,,,,,
United Arab Emirates,ARE,-0.01,0.96,0.78,0.69,0.69,-0.01,-0.52,0.87,0.79,0.62,0.75,0.05,,,,-0.52,0.98,0.79,0.73,0.68,0.12,-0.63,0.93,0.85,1.12,0.73,1.15,,,,-0.69,0.77,0.7,0.8,0.44,1.06,-1,0.92,0.94,0.63,0.32,0.89,,,,-0.91,0.7,0.88,0.57,0.42,1.08,-0.9,0.8,0.9,0.32,0.32,0.9,,,,-1,0.86,1.15,0.68,0.54,1.16,-1.06,0.77,1.44,0.99,0.65,1.2,,,,-1.12,0.44,1.41,0.97,0.89,1.28
Argentina,ARG,-0.1,0.11,0.17,0.52,0.08,-0.1,0.31,-0.13,0.38,0.57,-0.01,-0.11,10,2,1.2,0.42,0.1,0.03,0.26,-0.15,-0.19,0.26,-0.78,-0.28,-0.92,-0.76,-0.47,4,1.33,0,0.36,-0.61,-0.06,-0.71,-0.81,-0.42,0.4,0,-0.05,-0.64,-0.57,-0.34,11,2.2,1.6,0.36,-0.09,-0.15,-0.74,-0.68,-0.44,0.36,-0.08,-0.16,-0.76,-0.59,-0.36,12,2.4,0.8,0.3,0.1,-0.24,-0.93,-0.68,-0.44,0.35,-0.01,-0.16,-1.07,-0.89,-0.54,16,2.29,0.57,0.54,0.22,0.18,-0.47,-0.35,-0.31
Armenia,ARM,-0.47,-0.36,-0.38,-0.28,-0.47,-0.47,-0.34,-0.66,-0.48,-0.06,-0.36,-0.86,,,,-0.37,-0.68,-0.52,-0.12,-0.48,-0.76,-0.44,-0.26,-0.09,0.04,-0.42,-0.75,5,1.25,-0.25,-0.57,-0.12,-0.09,0.13,-0.42,-0.61,-0.74,-0.26,-0.25,0.28,-0.55,-0.67,,,,-0.86,-0.01,-0.17,0.34,-0.34,-0.71,-0.85,0.07,-0.18,0.31,-0.49,-0.7,,,,-0.57,0.15,-0.04,0.35,-0.42,-0.59,-0.56,-0.3,-0.2,0.21,-0.37,-0.52,,,,-0.62,-0.6,-0.15,0.25,-0.11,-0.57
American Samoa,ASM,,,,,,,,,,,,,,,,,,,,,,,,,,,,21,3,2,0.5,0.74,-0.11,0.51,0.85,0.81,0.55,0.7,0.25,0.36,1.08,0.31,,,,0.97,0.98,0.51,0.39,1.13,0.33,0.99,0.92,0.49,0.4,1.12,0.33,,,,1.03,0.95,0.49,0.36,1.1,0.31,,1.08,0.44,0.18,1.41,1.23,,,,,1.19,0.53,0.14,1.33,1.23
Antigua and Barbuda,ATG,0.87,0.72,0.64,0.79,1.05,0.87,0.34,0.73,0.69,0.82,1.09,0.92,,,,0.39,0.71,0.66,0.79,1.06,0.9,0.34,0.79,0.61,0.74,1.06,0.88,,,,0.57,1.09,0.56,0.59,0.92,0.86,0.63,0.8,0.42,0.55,0.93,1.13,,,,0.57,0.81,0.51,0.64,0.95,1.29,0.5,0.9,0.49,0.64,0.96,1.31,,,,0.64,0.98,0.49,0.6,0.95,1.27,0.56,0.98,-0.07,0.53,-0.18,0.64,,,,0.65,1.01,0.27,0.34,0.51,0.69
Australia,AUS,1.88,1.4,1.8,1.37,1.71,1.88,1.41,1.07,1.68,1.49,1.8,1.85,,,,1.47,1.33,1.81,1.64,1.75,1.92,1.41,1.19,1.72,1.47,1.8,1.81,,,,1.5,0.94,2.01,1.72,1.82,2.03,1.38,0.94,1.71,1.62,1.77,1.96,4,1,-0.25,1.37,0.96,1.79,1.77,1.77,2.04,1.42,0.89,1.77,1.7,1.76,2.03,4,1.33,-1,1.5,1,1.62,1.79,1.77,1.99,1.36,1.03,1.61,1.86,1.92,1.85,0,0,-2,1.3,0.96,1.58,1.9,1.75,1.77
Austria,AUT,1.73,1.41,1.73,1.66,1.81,1.73,1.35,1.11,1.87,1.4,1.85,1.85,2,0.67,-0.33,1.32,0.82,1.93,1.53,1.84,1.81,1.31,1.36,1.94,1.59,1.89,1.97,,,,1.48,1.09,1.87,1.52,1.84,2.05,1.37,1.08,1.83,1.64,1.91,1.91,,,,1.36,1.34,1.78,1.61,1.92,1.84,1.43,1.15,1.84,1.45,1.8,1.59,,,,1.45,1.34,1.58,1.52,1.86,1.39,1.39,1.27,1.57,1.49,1.95,1.47,,,,1.29,0.82,1.51,1.44,1.78,1.54
Azerbaijan,AZE,-1.45,-0.83,-0.92,-1.2,-1.2,-1.45,-1.02,-0.7,-0.98,-0.98,-1.14,-1.3,,,,-0.91,-0.83,-1.01,-0.93,-1.15,-1.3,-0.98,-1.19,-0.93,-0.71,-0.91,-1.18,,,,-1.06,-1.06,-0.74,-0.59,-0.87,-1.16,-1.28,-1.09,-0.65,-0.52,-0.89,-1.09,,,,-1.33,-0.33,-0.77,-0.35,-0.83,-1.15,-1.3,-0.24,-0.81,-0.37,-0.89,-1.24,,,,-1.3,-0.72,-0.78,-0.46,-0.83,-1.13,-1.48,-0.56,-0.36,-0.28,-0.67,-1.02,,,,-1.6,-0.87,-0.16,-0.28,-0.57,-0.87
Burundi,BDI,-0.68,-2.11,-1.66,-1.64,-1.42,-0.68,-1.44,-2.29,-1.58,-1.54,-1.23,-0.78,,,,-1.49,-2.02,-1.38,-1.17,-1.35,-0.8,-1.16,-2.29,-1.4,-1.26,-1.25,-0.82,,,,-1.28,-2.52,-1.31,-1.2,-1.54,-0.89,-0.72,-1.43,-1.1,-1.2,-0.97,-1.1,,,,-0.69,-1.64,-1.13,-1.24,-1.02,-1.09,-0.94,-1.63,-1.1,-1.12,-1.2,-1.17,,,,-0.89,-1.7,-1.32,-0.95,-1.08,-1.45,-1.04,-0.78,-1.13,-0.71,-0.97,-1.26,,,,-1.51,-2.08,-1.4,-0.83,-1.39,-1.18
Belgium,BEL,1.36,1.29,1.71,1.21,1.37,1.36,1.34,1.02,1.84,1.05,1.25,1.36,3,1,0,1.37,1.13,1.73,1.2,1.34,1.5,1.38,1.26,1.98,1.3,1.37,1.5,5,1.25,-0.25,1.44,0.71,1.88,1.36,1.33,1.38,1.34,0.86,1.75,1.33,1.24,1.31,,,,1.32,0.62,1.39,1.41,1.35,1.37,1.36,0.81,1.58,1.29,1.39,1.53,,,,1.35,0.92,1.6,1.23,1.43,1.61,1.37,0.7,1.38,1.16,1.52,1.57,12,2.4,0.6,1.35,0.48,1.33,1.34,1.4,1.6
Benin,BEN,-0.55,1.05,-0.38,-0.18,0.05,-0.55,0.43,0.74,-0.23,-0.13,0.04,-0.54,,,,0.41,0.8,-0.23,-0.17,-0.16,-0.47,0.05,0.82,-0.37,-0.4,-0.23,-0.73,,,,0.05,0.27,-0.36,-0.48,-0.51,-0.46,0.36,0.55,-0.61,-0.43,-0.53,-0.59,,,,0.34,0.37,-0.46,-0.5,-0.53,-0.5,0.31,0.26,-0.59,-0.33,-0.67,-0.66,,,,0.12,0.36,-0.52,-0.38,-0.59,-0.86,0.27,0.03,-0.46,-0.59,-0.49,-0.67,,,,0.5,0.05,-0.57,-0.53,-0.65,-0.48
Burkina Faso,BFA,0.11,-0.3,-0.93,-0.3,-0.93,0.11,-0.4,-0.11,-0.71,-0.37,-0.75,-0.1,,,,-0.23,0.06,-0.58,-0.12,-0.62,-0.07,-0.39,-0.31,-0.68,-0.11,-0.65,0.01,,,,-0.43,-0.08,-0.51,-0.33,-0.57,-0.14,-0.34,0.16,-0.76,-0.34,-0.43,-0.31,,,,-0.28,0.12,-0.49,-0.19,-0.34,-0.3,-0.25,-0.12,-0.57,-0.16,-0.19,-0.35,,,,-0.3,-0.57,-0.62,-0.12,-0.44,-0.48,-0.35,-0.79,-0.58,-0.31,-0.55,-0.46,,,,0.04,-0.95,-0.55,-0.4,-0.45,-0.13
Bangladesh,BGD,-0.97,-0.55,-0.69,-0.93,-0.93,-0.97,-0.09,-0.37,-0.44,-0.81,-0.89,-0.72,,,,-0.23,-0.72,-0.58,-0.84,-0.91,-1.11,-0.43,-1.03,-0.69,-0.98,-0.9,-1.36,,,,-0.67,-1.36,-0.82,-1.13,-1.02,-1.5,-0.45,-1.51,-0.82,-1,-0.9,-1.43,,,,-0.44,-1.51,-0.73,-0.92,-0.75,-1.03,-0.27,-1.43,-0.74,-0.85,-0.8,-1.06,,,,-0.4,-1.38,-0.8,-0.95,-0.93,-0.85,-0.47,-0.9,-0.77,-0.94,-0.78,-0.89,,,,-0.56,-1.24,-0.69,-0.8,-0.59,-0.8
Bulgaria,BGR,-0.36,-0.09,-0.04,-0.18,-0.34,-0.36,0.44,0.58,-0.2,0.04,-0.21,-0.17,1,0.33,-2,0.46,0.38,0,0.2,-0.12,-0.13,0.53,0.47,0.25,0.56,-0.03,-0.15,,,,0.57,0,0.15,0.66,-0.11,0.11,0.58,0.4,-0.06,0.6,-0.09,-0.07,,,,0.58,0.37,-0.05,0.7,-0.11,-0.25,0.53,0.36,0.11,0.65,-0.07,-0.19,,,,0.4,0.38,0.14,0.56,-0.09,-0.23,0.37,0.08,0.08,0.57,-0.05,-0.25,,,,0.44,0.03,0.29,0.66,-0.04,-0.16
Bahrain,BHR,0.33,-0.31,0.78,0.79,-0.01,0.33,-1.07,-0.16,0.6,0.81,0.38,0.27,,,,-1.06,0.06,0.59,0.79,0.3,0.38,-0.57,0.28,0.55,0.91,0.57,0.82,,,,-0.56,0.31,0.55,0.71,0.71,0.45,-0.9,-0.37,0.4,0.68,0.38,0.19,,,,-0.87,-0.24,0.39,0.71,0.53,0.19,-0.97,-0.49,0.46,0.71,0.44,0.18,,,,-1.32,-1.13,0.55,0.69,0.26,0.37,-1.31,-0.91,0.57,0.71,0.41,0.28,,,,-1.45,-0.86,0.32,0.61,0.46,-0.06
"Bahamas, The",BHS,1.16,1.07,1.37,0.97,1.15,1.16,1.16,1.09,1.32,1.06,1.3,1.34,,,,1.2,1.28,1.3,1.19,1.32,1.35,1.19,0.96,1.31,1.34,1.43,1.46,,,,0.98,0.89,1.22,1.13,1.4,1.43,1.02,0.81,1.17,1.05,1.09,1.35,,,,1.12,0.77,1.15,1.05,1.2,1.34,0.99,0.99,1.08,0.55,0.72,1.35,,,,0.93,1.18,0.99,0.4,0.62,1.32,1.05,0.96,0.73,0.17,0.67,1.31,,,,0.94,0.9,0.72,0.26,0.23,1.13
Bosnia and Herzegovina,BIH,-0.27,-0.59,-1.19,-0.91,-0.24,-0.27,-0.01,-0.58,-1.08,-0.87,-0.64,-0.38,,,,-0.11,-0.53,-0.84,-0.5,-0.61,-0.56,-0.09,-0.16,-0.96,-0.56,-0.66,-0.4,,,,0.17,0.02,-0.63,-0.21,-0.5,-0.34,0.19,-0.44,-0.62,-0.46,-0.5,-0.3,,,,0.02,-0.54,-0.6,-0.15,-0.41,-0.36,-0.08,-0.69,-0.74,-0.09,-0.35,-0.34,,,,-0.1,-0.54,-0.46,-0.05,-0.21,-0.3,-0.07,-0.02,-0.45,-0.09,-0.19,-0.31,3,1,0,-0.16,-0.38,-0.43,-0.17,-0.29,-0.47
Belarus,BLR,-0.39,0.09,-0.38,-1.09,-0.8,-0.39,-0.77,0.11,-0.6,-1.77,-0.93,-0.43,,,,-1.31,0.14,-0.6,-1.7,-1.13,-0.38,-1.45,0.3,-0.92,-1.53,-1.34,-0.7,,,,-1.6,0.16,-1.07,-1.22,-1.26,-0.8,-1.75,0.15,-1.12,-1.62,-1.33,-0.62,,,,-1.59,0.52,-1.11,-1.24,-1.06,-0.63,-1.56,-0.09,-1.11,-1.13,-1.07,-0.69,,,,-1.57,0.07,-0.9,-1.07,-0.94,-0.52,-1.44,0.18,-0.49,-1.01,-0.84,-0.3,,,,-1.39,0.12,-0.51,-0.94,-0.78,-0.29
Belize,BLZ,-0.03,0.56,0.39,0.14,0.08,-0.03,0.88,0.6,0.09,0.14,-0.04,-0.09,,,,0.98,0.18,0.06,0.02,0.13,-0.18,0.8,0.42,0.06,0.02,-0.09,-0.24,,,,0.74,0.4,-0.26,-0.16,-0.19,-0.29,0.54,0.08,-0.33,-0.34,-0.04,-0.36,,,,0.65,0.19,-0.51,-0.44,-0.21,-0.34,0.69,0.07,-0.43,-0.41,-0.34,-0.11,,,,0.7,0.18,-0.32,-0.47,-0.46,-0.14,0.52,0.05,-0.66,-0.5,-0.75,-0.2,,,,0.67,0.06,-0.68,-0.51,-0.86,-0.24
Bermuda,BMU,1.32,0.72,1.16,1.51,1.21,1.32,1.17,0.73,1.21,1.54,1.25,1.38,,,,0.94,0.71,1.18,1.52,1.26,1.36,1.13,0.79,1.15,1.47,1.24,1.35,,,,1.13,0.89,1.18,1.45,1.11,1.33,1.02,0.78,1.03,1.35,0.82,1.26,,,,0.97,0.8,1.02,1.4,0.86,1.29,0.99,0.91,1.01,1.39,1.12,1.31,,,,1.03,0.98,1.01,1.33,1.1,1.27,,0.91,0.95,0.89,0.02,1.23,,,,,1,1.33,0.87,0.86,1.23
Bolivia,BOL,-0.82,-0.13,-0.17,0,-0.26,-0.82,0.35,-0.24,-0.07,0.19,-0.22,-0.36,,,,0.19,-0.24,-0.36,0.04,-0.39,-0.46,0.14,-0.29,-0.3,-0.06,-0.4,-0.9,,,,-0.17,-0.68,-0.59,-0.2,-0.68,-0.78,0.08,-0.8,-0.72,-0.89,-0.85,-0.43,,,,0,-0.7,-0.62,-0.87,-0.97,-0.52,-0.04,-0.42,-0.5,-0.8,-1.02,-0.47,,,,-0.08,-0.46,-0.37,-0.82,-1.02,-0.73,-0.03,-0.33,-0.59,-0.87,-1.06,-0.63,,,,0.01,-0.21,-0.57,-0.92,-1.2,-0.71
Brazil,BRA,-0.02,-0.22,-0.14,0.3,-0.22,-0.02,0.33,-0.34,-0.08,0.36,-0.19,0.08,13,1.86,0.57,0.3,0.19,0.09,0.36,-0.21,0.04,0.47,0.33,0.06,0.3,-0.23,0.08,21,3,2,0.39,-0.28,0.02,0.03,-0.36,0.02,0.5,-0.29,-0.32,-0.03,-0.37,-0.11,12,2.4,1.6,0.57,-0.31,-0.09,0.05,-0.32,0.01,0.57,0.01,-0.04,0.15,0.04,0.05,10,2,1,0.48,0.05,-0.13,0.09,-0.07,-0.04,0.47,-0.07,-0.14,-0.08,-0.05,-0.34,11,1.57,-0.43,0.47,-0.45,-0.18,-0.21,-0.08,-0.44
Barbados,BRB,1.54,1.05,1.41,1.29,1.05,1.54,1.27,1.08,1.46,1.34,1.27,1.59,,,,1.26,1.15,1.45,1.31,1.42,1.57,1.23,1.1,1.42,1.13,1.52,1.53,,,,1.1,1.1,1.21,1.09,1.44,1.43,1.04,0.91,1.45,1,1.24,1.33,,,,0.95,1.07,1.57,0.88,1.31,1.37,1.14,1.06,1.41,0.51,1.08,1.48,,,,1.13,1.19,1.46,0.45,1.03,1.66,1.15,1.28,1.2,0.34,1.08,1.14,,,,1.1,0.96,1.08,0.48,0.78,1.24
Brunei Darussalam,BRN,0.48,1.24,0.93,1.35,0.82,0.48,-0.72,1.11,0.94,0.94,0.56,0.38,,,,-0.71,1.3,0.91,0.99,0.54,0.37,-0.83,1.16,0.89,1.09,0.5,0.31,,,,-0.8,1.37,0.24,1.21,0.38,0.41,-1.1,1.12,0.87,0.94,0.12,0.21,,,,-1.02,1.13,0.89,0.78,0.47,0.49,-0.65,1.28,0.9,1.11,0.78,0.86,,,,-0.51,0.91,0.84,1.15,0.79,0.55,-0.63,1.26,1.09,0.99,0.47,0.53,,,,-0.95,1.26,1.07,0.59,0.62,0.66
Bhutan,BTN,0.94,0.72,0.64,-0.41,-0.03,0.94,-1.1,0.54,0.61,-0.38,0.16,1,,,,-1.11,0.49,0.83,-0.34,0.13,0.99,-1.29,0.69,0.78,-0.42,0.06,1.04,,,,-0.97,1.17,0.02,-0.82,0.34,0.8,-1.06,1.26,0.24,-0.57,0.19,0.82,,,,-0.51,0.72,0.28,-0.75,0.38,0.86,-0.42,0.74,0.58,-1.17,0.16,0.91,,,,-0.28,0.78,0.51,-1.09,0.24,0.94,-0.1,1.07,0.26,-1,0.38,1.28,,,,-0.05,0.99,0.49,-0.67,0.47,1.14
South Sudan,SDS,,,,,,,,,,,,,,,,,,,,,,,,,,,,,,,,,,,,,,,,,,,,,,,,,,,,,,,,,-0.82,,,,-1.33,-1.16,-1.58,-1.47,-1.43,-1.28,-1.62,-2.65,-2.07,-1.67,-1.82,-1.59,,,,-1.67,-2.42,-2.26,-1.86,-1.69,-1.58
Botswana,BWA,0.82,1.01,0.56,0.65,0.58,0.82,0.75,0.96,0.52,0.68,0.68,0.89,,,,0.67,1.07,0.53,0.63,0.59,0.83,0.67,0.87,0.61,0.78,0.57,0.66,,,,0.74,0.92,0.61,0.66,0.65,0.9,0.51,1.02,0.51,0.53,0.62,0.97,,,,0.51,1.03,0.57,0.49,0.7,1.04,0.46,0.99,0.45,0.46,0.67,1.03,,,,0.53,1.1,0.48,0.61,0.66,0.93,0.44,1.01,0.35,0.59,0.63,0.85,,,,0.42,1.09,0.51,0.53,0.52,0.93
Central African Republic,CAF,-1.14,-1.21,-1.41,-0.89,-1.15,-1.14,-0.68,-1.14,-1.25,-0.84,-1.18,-1.01,,,,-0.67,-1.12,-1.32,-0.86,-1.28,-1.18,-1,-1.73,-1.54,-1.08,-1.05,-1.09,,,,-1.31,-1.42,-1.53,-1.2,-1.58,-1.39,-1.01,-1.85,-1.5,-1.26,-1.54,-1.21,,,,-0.99,-1.84,-1.37,-1.21,-1.41,-1.12,-1.1,-2.02,-1.39,-1.16,-1.29,-0.93,,,,-1.24,-1.85,-1.45,-1.08,-1.44,-0.99,-1.39,-2.7,-1.85,-1.39,-1.7,-1.16,,,,-1.13,-1.74,-1.77,-1.43,-1.84,-1.28
Canada,CAN,2.03,1.23,1.74,1.49,1.65,2.03,1.55,0.95,1.95,1.6,1.76,2.09,,,,1.53,1.17,1.93,1.52,1.69,2.12,1.5,1.22,1.92,1.58,1.69,2.03,,,,1.67,0.88,1.92,1.63,1.71,1.83,1.42,1.04,1.9,1.56,1.81,1.96,,,,1.41,1.04,1.79,1.65,1.81,2,1.35,0.94,1.78,1.7,1.81,2.07,,,,1.44,1.11,1.77,1.71,1.76,1.93,1.41,1.18,1.76,1.85,1.89,1.84,,,,1.38,1.24,1.8,1.74,1.84,1.98
Switzerland,CHE,1.99,1.46,1.76,1.56,1.93,1.99,1.41,1.44,1.98,1.71,1.97,2.11,,,,1.41,1.58,2.04,1.86,1.98,2.11,1.43,1.54,2,1.78,1.95,2.11,,,,1.69,1.23,2.18,1.65,1.91,2.01,1.52,1.27,2.08,1.5,1.82,2.09,,,,1.52,1.22,2.04,1.56,1.82,2.12,1.58,1.26,1.88,1.62,1.76,2.07,,,,1.64,1.42,1.89,1.66,1.82,2.15,1.56,1.4,2.11,1.81,1.99,2.15,,,,1.46,1.32,2.03,1.91,1.94,2.05
Chile,CHL,1.45,0.68,1.34,1.54,1.11,1.45,0.62,0.04,1.2,1.39,1.18,1.38,3,0.75,-0.75,0.89,0.49,1.12,1.41,1.32,1.59,1.09,1.09,1.15,1.45,1.36,1.59,,,,1.23,0.69,1.19,1.4,1.32,1.37,1.08,0.61,1.03,1.47,1.27,1.46,,,,1.01,0.43,1.17,1.52,1.31,1.38,1.1,0.68,1.27,1.44,1.34,1.5,6,1.5,-0.5,1.08,0.33,1.26,1.54,1.39,1.58,1.06,0.45,1.16,1.49,1.43,1.49,7,1.75,0.5,1,0.51,1.02,1.37,1.13,1.11
China,CHN,-0.27,-0.1,-0.35,-0.27,-0.55,-0.27,-1.44,-0.39,-0.12,-0.3,-0.46,-0.27,,,,-1.38,-0.21,-0.11,-0.34,-0.53,-0.22,-1.59,-0.33,-0.06,-0.51,-0.5,-0.52,0,0,-3,-1.46,-0.39,-0.06,-0.31,-0.53,-0.56,-1.75,-0.54,0.07,-0.2,-0.64,-0.51,,,,-1.7,-0.49,0.15,-0.15,-0.42,-0.52,-1.68,-0.66,0.09,-0.23,-0.41,-0.56,,,,-1.64,-0.54,0.02,-0.24,-0.54,-0.44,-1.62,-0.52,0.32,-0.28,-0.41,-0.34,,,,-1.62,-0.52,0.36,-0.26,-0.22,-0.25
Côte d'Ivoire,CIV,-0.26,0.03,-0.26,-0.4,-0.79,-0.26,-0.64,-0.2,-0.23,-0.22,-0.88,-0.47,,,,-0.93,-1.24,-0.82,-0.51,-1.18,-0.68,-1.07,-1.92,-0.88,-0.42,-1.3,-0.77,,,,-1.22,-2.12,-1.26,-0.96,-1.37,-1.21,-1.28,-1.87,-1.16,-0.92,-1.45,-1.2,3,1,-0.33,-1.17,-1.81,-1.24,-0.9,-1.42,-1.11,-1.05,-1.58,-1.29,-0.93,-1.22,-1.16,4,1.33,0.33,-0.78,-1.26,-1.1,-0.76,-1.08,-0.83,-0.51,-1.04,-0.83,-0.59,-0.59,-0.42,3,1,-0.33,-0.28,-0.9,-0.67,-0.36,-0.67,-0.54
Cameroon,CMR,-1.33,-0.96,-1.08,-1.12,-1.44,-1.33,-1.06,-0.78,-0.81,-0.62,-1.07,-1.22,2,0.67,-1,-1.06,-0.56,-0.75,-0.59,-1.2,-1.19,-1.1,-0.68,-0.85,-0.87,-1.23,-1.17,4,1.33,-0.33,-0.97,-0.36,-0.7,-0.69,-1.19,-1.11,-1.02,-0.25,-0.95,-0.85,-1.15,-1.09,,,,-1.07,-0.55,-0.81,-0.83,-1.1,-1.02,-1.06,-0.74,-0.89,-0.74,-1.07,-1.06,0,0,-1,-1.02,-0.59,-0.9,-0.93,-1.04,-1.26,-0.94,-1.06,-0.79,-0.88,-0.9,-1.16,0,0,-2.67,-1.03,-0.95,-0.76,-0.79,-1.02,-1.14
"Congo, Rep.",COG,-0.86,-1.22,-1.17,-1.23,-1.04,-0.86,-1.47,-1.5,-1.13,-1.16,-1.65,-1.27,,,,-1.43,-0.92,-1.26,-1.21,-1.42,-1.12,-0.91,-1.58,-1.25,-1.02,-1.25,-0.99,,,,-0.96,-1.19,-1.09,-0.97,-1.19,-0.93,-1.21,-0.92,-1.26,-1.21,-1.27,-1.1,,,,-1.16,-0.72,-1.22,-1.27,-1.2,-1.18,-1.06,-0.32,-1.23,-1.27,-1.22,-1.15,,,,-1.16,-0.49,-1.17,-1.36,-1.14,-1.21,-1.11,-0.36,-1.11,-1.21,-1.11,-1.18,,,,-1.16,-0.57,-1.1,-1.17,-1.04,-1.21
Cook Islands,COK,,,,,,,,,,,,,,,,,,0.12,0.39,0.65,0.23,,,-0.01,0.38,0.65,0.18,,,,,,-0.38,0.26,0.64,0.11,,,0.61,0.59,0.95,0.6,,,,,,,,,,-0.36,1.32,-1.01,-1.24,-0.91,-0.25,,,,-0.48,,-1,-1.14,-0.94,-0.22,,,,,,,,,,,,,,,
Colombia,COL,-0.51,-1.64,-0.46,-0.11,-0.75,-0.51,-0.34,-1.79,-0.23,0,-0.64,-0.5,3,1,-0.67,-0.44,-1.6,-0.32,0.1,-0.89,-0.4,-0.42,-1.95,-0.41,0.03,-0.72,-0.24,,,,-0.32,-2.27,-0.18,-0.05,-0.69,-0.13,-0.17,-1.9,-0.17,0.1,-0.51,-0.12,,,,-0.17,-1.85,-0.03,0.26,-0.4,-0.24,-0.13,-1.54,-0.06,0.25,-0.31,-0.39,,,,-0.06,-1.4,0.02,0.4,-0.35,-0.39,-0.04,-1.11,-0.1,0.5,-0.29,-0.37,12,2.4,1.6,0.1,-0.96,0.02,0.4,-0.32,-0.34
Comoros,COM,-1,0.51,-1.66,-1.13,-0.88,-1,-0.38,0.56,-1.58,-1.2,-1.09,-1.23,,,,-1.03,0.02,-1.19,-1.24,-1.29,-1.11,-0.34,0.4,-0.8,-1.1,-0.95,-0.9,,,,-0.52,-0.16,-1.54,-1.47,-1.02,-0.9,-0.22,-0.36,-1.68,-1.49,-0.95,-0.7,,,,-0.29,-1.11,-1.78,-1.49,-1.03,-0.79,-0.42,-0.56,-1.74,-1.42,-1.05,-0.81,,,,-0.47,-0.45,-1.55,-1.39,-1.02,-0.78,-0.29,-0.19,-1.67,-1.1,-0.89,-0.61,,,,-0.18,-0.02,-1.54,-1.05,-1.13,-0.64
Cape Verde,CPV,1.14,1.03,,-0.53,1.04,1.14,0.93,1.11,0.37,-0.16,0.83,0.56,,,,0.8,1.22,0.32,0.03,0.78,0.63,0.69,0.73,-0.08,-0.24,0.34,0.57,,,,0.65,1.04,-0.03,-0.32,0.36,0.46,0.78,0.96,0.16,-0.18,0.65,0.81,,,,0.94,0.81,0.07,-0.04,0.58,0.87,0.89,0.84,-0.02,-0.03,0.47,0.86,,,,0.94,0.81,0.12,0.06,0.52,0.87,0.96,0.35,0.07,-0.18,0.63,0.94,,,,1.02,0.88,0.1,-0.3,0.35,0.88
Costa Rica,CRI,0.7,0.75,0.47,0.55,0.62,0.7,1.14,0.9,0.34,0.75,0.75,0.9,,,,1.09,0.87,0.28,0.57,0.63,0.87,1.11,1.07,0.35,0.39,0.71,0.67,4,1.33,-0.33,0.97,0.63,0.21,0.52,0.56,0.42,0.92,0.74,0.05,0.38,0.47,0.44,0,0,-2,0.97,0.36,0.28,0.46,0.46,0.55,1.04,0.69,0.31,0.47,0.52,0.71,,,,1.09,0.64,0.5,0.57,0.52,0.62,1.14,0.58,0.4,0.51,0.56,0.76,9,1.8,0.6,1.14,0.75,0.36,0.41,0.46,0.7
Cuba,CUB,0.29,0.23,-0.91,-1.1,-1.14,0.29,-1.58,0.01,-0.5,-1.32,-1.04,0.37,,,,-1.64,0.25,-0.36,-1.23,-1.04,0.38,-1.65,0.26,-0.55,-1.29,-1.17,0.42,,,,-1.79,0.36,-0.45,-1.6,-1.11,0.23,-1.89,0.47,-0.24,-1.43,-0.76,0.26,,,,-1.8,0.52,-0.38,-1.5,-0.82,0.27,-1.62,0.35,-0.36,-1.67,-0.72,0.31,,,,-1.51,0.31,-0.4,-1.56,-0.71,0.24,-1.54,0.54,-0.05,-1.33,-0.66,0.07,,,,-1.63,0.62,-0.13,-1.34,-0.41,0.05
Cayman Islands,CYM,1.32,0.72,1.93,1.03,1.46,1.32,1.6,0.73,1.98,1.06,1.5,1.38,,,,1.59,0.71,1.97,1.28,1.52,1.36,1.57,0.79,1.96,1.47,1.5,1.35,,,,0.88,1.24,1.28,1.47,1.16,1.28,0.78,1.11,1.29,1.35,1.08,1.26,,,,0.75,1.12,1.28,1.15,1.13,0.81,0.58,1.15,1.25,1.16,0.9,1.13,,,,0.57,0.96,1.25,1.11,0.9,1.35,0.47,1.05,1.18,0.85,0.59,1.02,,,,0.47,1.17,1.18,0.79,0.78,0.53
Cyprus,CYP,1.33,0.39,1.17,1.26,0.86,1.33,0.98,0.22,1.25,1.21,0.98,1.1,,,,1.06,0.52,1.13,1.14,1.04,1.12,1.12,0.19,1.35,1.24,1.02,1.16,,,,0.95,0.38,1.13,1.23,0.92,0.89,1.05,0.54,1.27,1.28,1.11,1.09,,,,1.08,0.64,1.53,1.37,1.22,1.2,1.02,0.45,1.53,1.42,1.22,0.97,,,,1.02,0.64,1.39,1.13,1.1,1.25,1.02,0.55,1.14,1.1,1.08,1.08,,,,1.08,0.57,0.98,1.05,0.73,0.82
Czech Republic,CZE,0.68,1.15,0.62,1.07,0.92,0.68,0.97,0.9,0.63,0.96,0.92,0.57,,,,0.76,0.33,0.65,0.76,0.64,0.21,1.02,1.05,0.97,1.2,0.86,0.38,,,,0.95,0.65,0.86,1.07,0.78,0.44,0.96,1.05,1.1,1.11,0.87,0.36,3,1,-0.33,1.03,1.05,1.01,1.16,0.91,0.36,1.01,0.99,0.91,1.3,0.95,0.33,,,,0.97,1.05,0.93,1.06,1.04,0.27,1.03,0.99,1.02,1.01,1.15,0.37,,,,1.05,0.99,1.06,0.99,1.09,0.51
Germany,DEU,1.91,1.29,1.72,1.48,1.61,1.91,1.29,1.24,1.88,1.29,1.66,2.05,10,2,0.4,1.31,1.41,1.89,1.51,1.64,1.86,1.41,1.1,1.72,1.56,1.67,1.94,16,2.29,1.57,1.5,0.64,1.49,1.48,1.64,1.86,1.37,1.03,1.65,1.57,1.78,1.8,16,2.29,1.14,1.34,0.95,1.52,1.49,1.75,1.76,1.3,0.8,1.57,1.57,1.63,1.78,15,2.14,1.57,1.39,0.78,1.59,1.54,1.66,1.83,1.44,0.93,1.73,1.7,1.86,1.84,19,2.71,2,1.33,0.76,1.74,1.82,1.61,1.83
Djibouti,DJI,-0.72,-0.34,-0.89,-1,-0.97,-0.72,-0.99,-0.96,-1.03,-1.02,-0.85,-0.78,,,,-0.88,-0.24,-1.03,-0.71,-0.89,-0.95,-0.83,-0.31,-0.8,-0.53,-0.92,-0.74,,,,-0.78,-0.34,-0.59,-0.65,-0.85,-0.58,-1.12,-0.26,-0.88,-0.75,-0.88,-0.66,,,,-1.2,0.27,-0.87,-0.66,-0.64,-0.33,-1.27,0.25,-0.97,-0.63,-0.73,-0.4,,,,-1.43,0.16,-1.06,-0.43,-0.79,-0.46,-1.43,-0.77,-0.97,-0.53,-0.87,-0.6,,,,-1.32,-0.63,-0.97,-0.7,-0.97,-0.65
Dominica,DMA,0.87,0.72,0.64,1.03,0.84,0.87,1.09,0.73,0.25,0.47,0.68,0.53,,,,1.09,0.49,0.47,0.51,0.63,0.3,1.11,0.55,0.52,0.74,0.76,0.52,,,,0.99,0.95,0.23,0.63,0.62,0.61,1.01,0.91,0.45,0.89,0.7,0.62,,,,1.03,0.92,0.54,0.6,0.64,0.68,0.98,0.9,0.65,0.48,0.71,0.71,,,,0.95,0.98,0.66,0.33,0.64,0.66,1.07,1.06,0.08,0.27,0.49,0.62,,,,0.99,1.13,0.05,0.2,0.61,0.63
Denmark,DNK,2.23,1.44,1.76,1.78,1.82,2.23,1.47,1.43,1.98,1.78,1.88,2.26,7,1.4,0.4,1.54,1.5,1.98,1.78,1.84,2.39,1.53,1.53,2.09,1.76,1.92,2.37,7,1.75,0,1.8,1.09,2.31,1.76,1.95,2.43,1.57,1.05,2.23,1.8,2,2.47,,,,1.54,1.07,2.25,1.87,1.97,2.39,1.54,1.04,2.1,1.88,1.9,2.36,3,1,-1,1.67,0.91,1.98,1.81,1.87,2.38,1.52,0.95,1.82,1.69,2.1,2.25,,,,1.47,0.85,1.89,1.58,1.9,2.24
Dominican Republic,DOM,-0.42,-0.07,-0.22,-0.23,-0.52,-0.42,0.09,-0.41,-0.52,-0.16,-0.47,-0.7,,,,0.23,0.02,-0.32,-0.14,-0.61,-0.72,0.24,0.12,-0.39,-0.21,-0.67,-0.48,,,,0.05,-0.34,-0.68,-0.43,-0.67,-0.59,0.21,-0.11,-0.59,-0.24,-0.58,-0.7,,,,0.16,-0.04,-0.62,-0.19,-0.66,-0.73,0.07,-0.04,-0.64,-0.15,-0.81,-0.84,,,,0.12,0.25,-0.51,-0.1,-0.69,-0.86,0.19,0.15,-0.44,-0.04,-0.41,-0.82,,,,0.19,0.29,-0.25,-0.07,-0.29,-0.78
Algeria,DZA,-0.57,-1.78,-1.09,-0.91,-1.22,-0.57,-1.24,-1.88,-0.83,-0.74,-1.16,-0.88,,,,-1.11,-1.43,-0.96,-0.71,-1.21,-0.94,-1.04,-1.63,-0.6,-0.58,-0.63,-0.88,,,,-0.8,-1.36,-0.57,-0.54,-0.62,-0.68,-0.92,-1.13,-0.47,-0.57,-0.71,-0.52,,,,-0.98,-1.09,-0.63,-0.79,-0.74,-0.59,-1.02,-1.26,-0.48,-1.17,-0.78,-0.52,1,0.33,-0.67,-0.91,-1.33,-0.53,-1.28,-0.77,-0.5,-0.82,-1.19,-0.48,-1.28,-0.77,-0.6,4,1,0,-0.88,-1.14,-0.54,-1.17,-0.85,-0.69
Ecuador,ECU,-0.68,-0.77,-0.48,-0.31,-0.45,-0.68,0.11,-0.16,-0.51,-0.16,-0.55,-0.85,,,,-0.25,-0.57,-0.77,-0.54,-0.64,-0.89,-0.04,-0.76,-0.84,-0.67,-0.72,-0.89,3,1,-0.67,-0.24,-0.84,-0.91,-0.72,-0.75,-0.7,-0.25,-0.85,-1,-1.11,-1.03,-0.75,6,1.5,0.25,-0.22,-0.73,-0.86,-1.14,-1.17,-0.69,-0.23,-0.59,-0.72,-1.17,-1.2,-0.77,,,,-0.3,-0.57,-0.5,-1.02,-1.13,-0.58,-0.2,-0.02,-0.47,-1.01,-1.06,-0.75,4,1.33,0,-0.25,-0.1,-0.43,-1.02,-0.69,-0.67
"Egypt, Arab Rep.",EGY,-0.47,-0.52,-0.47,-0.05,0,-0.47,-0.91,-0.02,-0.23,-0.33,-0.04,-0.46,,,,-0.89,0.05,-0.22,-0.34,-0.01,-0.55,-1.1,-0.41,-0.41,-0.48,0.01,-0.41,,,,-0.95,-0.82,-0.27,-0.51,0.02,-0.65,-1.2,-0.84,-0.51,-0.44,-0.26,-0.75,,,,-1.21,-0.51,-0.37,-0.18,-0.13,-0.78,-1.19,-0.9,-0.37,-0.17,-0.18,-0.63,,,,-0.77,-1.44,-0.81,-0.48,-0.47,-0.6,-1.18,-1.63,-0.82,-0.76,-0.66,-0.62,,,,-1.23,-1.42,-0.66,-0.92,-0.41,-0.63
Eritrea,ERI,0.51,-0.94,-1.15,-1.13,-0.66,0.51,-1.23,-0.97,-0.87,-0.57,-0.42,0.81,,,,-1.47,-0.77,-0.98,-0.91,-0.56,0.69,-1.82,-0.27,-0.74,-1.07,-0.56,-0.03,,,,-1.91,-0.64,-1,-1.66,-0.86,-0.22,-2.08,-0.9,-1.3,-2.07,-1.19,-0.35,,,,-2.16,-0.71,-1.3,-2.18,-1.3,-0.39,-2.2,-0.88,-1.36,-2.24,-1.35,-0.56,,,,-2.21,-0.7,-1.45,-2.24,-1.39,-0.78,-2.11,-0.81,-1.61,-2.13,-1.53,-0.89,,,,-2.1,-0.88,-1.69,-2.19,-1.53,-1.13
Spain,ESP,1.13,0.18,1.62,1.18,1.44,1.13,1.3,0.13,1.66,1.25,1.34,1.4,4,1.33,1.33,1.28,0.46,1.76,1.29,1.43,1.37,1.27,0.44,1.85,1.37,1.26,1.36,11,2.2,1,1.32,-0.09,1.35,1.32,1.14,1.36,1.08,-0.15,0.84,1.18,1.13,1.19,9,2.25,1.25,1.19,-0.38,0.92,1.25,1.19,1.19,1.12,-0.32,0.99,1.16,1.19,1.08,18,2.57,0.86,1.06,-0.03,1.12,0.95,1.06,1.13,0.99,0.24,1.16,0.75,0.95,0.63,3,1,-1,1.06,0.49,1.12,1.01,0.98,0.52
Estonia,EST,0.45,0.77,0.61,1.24,0.57,0.45,1.03,0.66,0.57,1.23,0.66,0.65,,,,0.99,0.9,0.74,1.29,0.65,0.84,1.07,0.93,0.74,1.39,0.82,0.74,,,,1.09,0.7,0.92,1.3,0.95,0.98,1.07,0.74,1.16,1.29,1.14,1.02,,,,1.09,0.57,1.16,1.42,1.2,0.99,1.11,0.66,1.09,1.39,1.16,1,,,,1.11,0.64,0.95,1.42,1.16,1.1,1.17,0.78,1.02,1.68,1.37,1.3,,,,1.2,0.69,1.12,1.7,1.24,1.21
Ethiopia,ETH,-0.93,-1.05,-1.21,-1.3,-0.97,-0.93,-0.99,-0.63,-0.92,-1.13,-0.8,-0.57,,,,-1.03,-0.94,-0.9,-1.14,-0.93,-0.45,-1.23,-1.22,-0.9,-1.21,-0.94,-0.58,,,,-1.18,-1.31,-0.79,-0.98,-0.86,-0.73,-1.19,-1.74,-0.66,-1.01,-0.66,-0.65,,,,-1.31,-1.73,-0.4,-0.86,-0.7,-0.66,-1.34,-1.64,-0.43,-0.87,-0.8,-0.69,,,,-1.31,-1.56,-0.43,-1.05,-0.68,-0.6,-1.28,-1.34,-0.42,-1.07,-0.47,-0.44,,,,-1.45,-1.57,-0.64,-1.1,-0.39,-0.44
Finland,FIN,2.21,1.41,1.72,1.55,1.91,2.21,1.47,1.47,2.02,1.83,2,2.26,,,,1.59,1.72,2.12,1.85,1.98,2.44,1.55,1.76,2.16,1.87,1.94,2.43,,,,1.78,1.62,2.17,1.79,1.96,2.44,1.49,1.5,2.17,1.6,1.97,2.46,,,,1.46,1.45,2.05,1.61,1.92,2.34,1.49,1.42,2.23,1.88,1.97,2.16,,,,1.6,1.4,2.22,1.83,1.95,2.24,1.54,1.28,2,1.88,2.1,2.17,,,,1.49,0.96,1.85,1.82,2.02,2.28
Fiji,FJI,0.66,0.83,-0.12,0.03,0.32,0.66,0.23,0.86,-0.26,-0.17,0.22,0.5,,,,-0.35,0.3,-0.46,-0.52,-0.42,0.31,0.03,0.47,0.14,0.08,-0.33,0.3,,,,-0.04,0.39,-0.39,-0.63,0.03,0.16,-0.33,-0.04,-0.09,-0.42,-0.06,0.01,,,,-0.7,-0.07,-0.73,-0.68,-0.56,-0.05,-1.11,-0.19,-0.72,-0.67,-0.85,-0.46,,,,-0.98,-0.07,-0.84,-0.58,-0.79,-0.11,-0.18,0.55,-0.37,-0.38,-0.51,0.18,,,,-0.03,0.83,-0.26,-0.38,-0.29,0.13
France,FRA,1.25,0.89,1.25,1.05,1.48,1.25,1.17,0.7,1.51,0.87,1.4,1.39,19,2.71,1.86,1.18,0.79,1.71,0.96,1.46,1.37,1.15,0.93,1.6,1.02,1.24,1.23,1,0.33,-1,1.46,0.35,1.78,1.23,1.44,1.33,1.3,0.6,1.63,1.24,1.47,1.46,15,2.14,0.86,1.3,0.55,1.58,1.28,1.51,1.41,1.2,0.68,1.43,1.31,1.52,1.47,1,0.33,-1,1.24,0.55,1.34,1.13,1.45,1.46,1.22,0.3,1.4,1.08,1.47,1.31,10,2,1.4,1.08,-0.06,1.41,1.07,1.41,1.37
"Micronesia, Fed. Sts.",FSM,,,,,0.81,,0.98,,-0.4,-0.78,0.42,-0.2,,,,1.01,,-0.65,-0.84,0.05,-0.22,1.02,,-0.77,-0.57,0.02,-0.32,,,,0.79,1,-0.6,0.03,0.44,-0.04,1.07,1.13,-0.3,0.19,0.68,-0.25,,,,1.09,1.17,-0.73,-0.55,0.34,-0.31,1.05,1.21,-0.8,-0.88,-0.1,-0.15,,,,0.98,1.15,-0.64,-0.95,-0.02,-0.15,1.11,0.98,-0.5,-1.03,-0.28,0.77,,,,1.16,1.05,-0.35,-0.97,-0.06,0.65
Gabon,GAB,-1.1,0.12,-0.2,0.14,-0.65,-1.1,-0.39,0.32,-0.52,0.18,-0.35,-0.96,,,,-0.47,0.64,-0.57,-0.11,-0.21,-0.71,-0.53,0.41,-0.34,-0.16,-0.22,-0.59,,,,-0.78,0.41,-0.78,-0.46,-0.52,-0.85,-0.95,0.22,-0.78,-0.41,-0.74,-0.97,,,,-0.85,0.26,-0.82,-0.63,-0.63,-1.08,-0.87,0.3,-0.77,-0.55,-0.52,-0.87,,,,-0.86,0.29,-0.9,-0.59,-0.47,-0.7,-0.87,0.15,-0.64,-0.79,-0.51,-0.69,,,,-0.96,-0.07,-0.79,-0.8,-0.58,-0.75
United Kingdom,GBR,1.98,0.98,1.88,2.02,1.63,1.98,1.2,0.93,1.93,2.05,1.78,2.11,8,2.08,-0.58,1.32,1.04,1.85,1.87,1.7,2.14,1.28,0.68,1.84,1.76,1.68,2.06,8,1.6,0.6,1.6,0.14,1.89,1.74,1.63,1.93,1.38,0.67,1.67,1.84,1.79,1.79,11,2.2,0.8,1.32,0.49,1.64,1.79,1.71,1.68,1.29,0.41,1.57,1.73,1.76,1.6,5,1.25,-0.5,1.34,0.4,1.55,1.65,1.72,1.67,1.28,0.42,1.63,1.83,1.89,1.74,1,0.33,-0.67,1.24,0.38,1.61,1.76,1.63,1.88
Georgia,GEO,-1.53,-1.57,-0.64,-1.01,-1.26,-1.53,-0.39,-1.64,-0.58,-0.48,-1.24,-0.96,,,,-0.28,-0.81,-0.65,-0.39,-0.93,-1.01,-0.51,-1.19,-0.8,-0.78,-1.06,-1.23,,,,-0.08,-0.87,-0.54,-0.46,-0.66,-0.47,-0.09,-0.96,-0.24,-0.14,-0.46,0.04,,,,-0.26,-0.92,0.3,0.48,-0.27,-0.11,-0.16,-0.72,0.31,0.59,-0.21,0.01,,,,0.02,-0.68,0.61,0.69,-0.01,0.4,0.28,-0.32,0.49,0.93,0.19,0.79,,,,0.22,-0.29,0.51,1.01,0.37,0.67
Ghana,GHA,-0.34,-0.23,-0.12,-0.34,-0.23,-0.34,-0.19,-0.14,-0.12,-0.22,-0.28,-0.26,,,,0.07,-0.36,0.07,-0.07,0.15,-0.1,0.03,-0.16,-0.1,-0.45,0.04,-0.33,,,,0.12,0.04,-0.2,-0.37,-0.12,-0.25,0.41,0.01,0.16,-0.06,0.05,-0.02,6,1.5,-0.5,0.43,-0.03,0.03,-0.04,-0.07,-0.07,0.51,0.03,-0.04,0.12,-0.03,0.01,8,1.6,0.2,0.43,0.13,-0.05,0.13,0.01,-0.13,0.46,-0.11,-0.28,-0.01,0.05,-0.19,1,0.33,-0.67,0.64,-0.16,-0.2,-0.23,0,-0.17
Guinea,GIN,-0.94,-1.15,-1.17,-0.84,-1.45,-0.94,-1.11,-0.59,-0.78,-0.51,-1.2,-0.98,,,,-1.1,-1.91,-0.81,-0.6,-1.39,-0.95,-1.26,-1.42,-0.91,-0.98,-1.03,-0.72,,,,-1.27,-1.03,-0.87,-0.95,-1.26,-0.92,-1.23,-1.91,-1.3,-1.23,-1.4,-1.12,,,,-1.43,-2.1,-1.17,-1.21,-1.53,-1.2,-0.92,-1.69,-1.11,-1.09,-1.48,-1.2,,,,-1.01,-1.29,-1.27,-1.02,-1.41,-1.04,-0.86,-0.96,-1.23,-1.06,-1.36,-1.06,,,,-0.73,-0.41,-1.01,-0.87,-1.29,-0.94
"Gambia, The",GMB,-0.37,0.56,-0.62,-0.84,0.02,-0.37,-0.92,0.68,-0.45,-0.37,-0.06,-0.45,,,,-1.06,0.53,-0.47,-0.27,-0.2,-0.39,-0.67,0.83,-0.63,-0.52,-0.34,-0.44,,,,-0.67,0.17,-0.55,-0.44,-0.4,-0.61,-0.9,-0.03,-0.68,-0.4,-0.36,-0.72,,,,-0.87,0.07,-0.72,-0.4,-0.41,-0.74,-1.08,0.07,-0.68,-0.4,-0.56,-0.59,,,,-1.29,0,-0.51,-0.23,-0.58,-0.64,-1.27,-0.15,-0.67,-0.46,-0.69,-0.69,,,,-1.28,-0.52,-0.84,-0.51,-0.75,-0.8
Guinea-Bissau,GNB,-1.19,-1.54,-1.41,-0.83,-1.67,-1.19,-0.94,-1.86,-1.26,-1.25,-1.8,-1.21,,,,-0.64,-0.35,-1.01,-1.17,-1.32,-1.1,-0.66,-0.73,-1.09,-0.97,-1.17,-1.01,,,,-0.84,-0.38,-1.46,-1.07,-1.17,-1.22,-0.63,-0.5,-1.1,-0.94,-1.25,-1.09,,,,-0.72,-0.71,-1.04,-1.2,-1.39,-1.18,-0.82,-0.69,-1.03,-1.14,-1.33,-1.16,,,,-1.33,-0.97,-1.23,-1.23,-1.52,-1.28,-0.85,-0.71,-1.58,-1.19,-1.33,-1.54,,,,-0.7,-0.5,-1.64,-1.24,-1.49,-1.56
Equatorial Guinea,GNQ,-1.26,-0.13,-0.96,-1.44,-1.28,-1.26,-1.56,-0.08,-1.43,-1.6,-1.55,-1.31,,,,-1.6,-0.04,-1.51,-1.68,-1.42,-1.55,-1.62,-0.52,-1.34,-1.46,-1.46,-1.43,,,,-1.64,-0.06,-1.44,-1.45,-1.48,-1.66,-1.83,0.17,-1.58,-1.39,-1.37,-1.59,,,,-1.89,0.2,-1.67,-1.32,-1.27,-1.47,-1.86,0.24,-1.68,-1.38,-1.3,-1.47,,,,-1.91,0.23,-1.61,-1.44,-1.3,-1.52,-1.98,-0.37,-1.5,-1.36,-1.45,-1.77,,,,-1.93,-0.19,-1.41,-1.38,-1.44,-1.81
Greece,GRC,0.34,0.55,0.84,0.54,1.05,0.34,1.1,0.77,0.78,0.62,0.81,0.79,,,,1.01,0.81,0.63,0.78,0.88,0.66,1.05,0.88,0.82,0.99,0.75,0.42,,,,1.19,0.49,0.81,0.85,0.91,0.46,0.97,0.63,0.64,0.86,0.87,0.36,,,,0.93,0.27,0.59,0.88,0.86,0.13,0.9,-0.13,0.56,0.64,0.63,-0.06,3,1,-1,0.7,-0.22,0.32,0.53,0.43,-0.19,0.62,-0.14,0.4,0.33,0.36,-0.12,5,1.25,-0.5,0.65,-0.14,0.21,0.15,0.2,-0.05
Grenada,GRD,0.87,0.91,0.64,0.55,0.43,0.87,0.72,0.95,0.41,0.44,0.51,0.7,,,,0.72,1.02,0.41,0.46,0.43,0.53,0.79,0.92,0.43,0.44,0.41,0.7,,,,0.57,0.88,0.19,0.21,0.32,0.61,0.72,0.39,0.31,0.51,0.23,0.63,,,,0.82,0.39,0.19,0.3,0.08,0.32,0.79,0.52,0.18,0.36,0.11,0.43,,,,0.75,0.49,0.27,0.29,0.13,0.42,0.91,0.77,-0.11,0.19,-0.17,0.25,,,,0.86,1.01,-0.18,0.08,0.57,0.57
Greenland,GRL,,,,,,,,,,,,,,,,,,,,,,,,,,,,,,,,,,,,,,,,,,,,,,,,,,,,1.28,1.65,1.02,1.36,1.74,1.22,,,,1.29,1.93,1,1.38,1.72,1.22,1.28,1.92,0.92,1.38,1.74,1.21,,,,1.27,1.96,0.85,1.33,1.74,1.17
Guatemala,GTM,-0.86,-1.01,-0.45,-0.31,-1.13,-0.86,-0.2,-0.67,-0.42,0.07,-1.07,-0.86,,,,-0.29,-0.77,-0.51,-0.13,-0.88,-0.75,-0.36,-0.84,-0.5,-0.16,-0.97,-0.65,,,,-0.32,-0.81,-0.7,-0.2,-1.01,-0.61,-0.17,-0.74,-0.61,-0.25,-1.09,-0.81,,,,-0.2,-0.71,-0.56,-0.18,-1.11,-0.65,-0.3,-0.85,-0.7,-0.15,-0.96,-0.53,,,,-0.36,-0.63,-0.76,-0.17,-1.08,-0.66,-0.34,-0.66,-0.73,-0.19,-0.96,-0.74,,,,-0.31,-0.54,-0.6,-0.2,-1.04,-0.74
French Guiana,GUF,0.87,0.04,0.9,1.03,0.96,0.87,0.52,0.05,0.95,1.06,0.99,0.92,,,,0.5,0.03,0.92,1.03,0.99,0.9,0.45,0.3,0.88,0.98,0.97,0.88,,,,0.5,0.17,0.68,0.53,0.55,0.81,0.31,0.05,0.77,0.86,0.82,0.78,,,,0.3,0.07,0.76,0.89,0.58,0.81,1.12,0.19,1.21,1.24,1.18,1.13,,,,1.12,0.22,1.15,1.27,1.16,1.1,1.28,0.53,1.13,1.46,1.07,1.02,,,,1.27,0.56,1.14,1.43,1.33,0.98
Guam,GUM,,,,,,,,,,,,,,,,,,,,,,,,,,,,,,,0.6,0.64,0.36,0.72,1.01,0.38,0.55,0.7,0.25,0.61,1.08,0.78,,,,0.97,0.44,0.25,0.64,1.13,0.81,0.77,0.4,-0.02,0.64,1.12,0.82,,,,0.8,0.78,-0.04,0.6,1.1,0.79,,0.75,0.44,0.18,1.41,1.23,,,,,0.67,0.27,0.14,1.09,1.23
Guyana,GUY,-0.14,-0.27,-0.38,-0.17,-0.2,-0.14,0.39,0.12,-0.05,0.01,-0.29,-0.33,,,,0.46,-0.49,-0.19,-0.15,-0.47,-0.4,0.54,-0.56,-0.25,-0.37,-0.49,-0.43,,,,0.07,-0.56,-0.16,-0.37,-0.62,-0.45,0.09,-0.73,-0.3,-0.61,-0.56,-0.58,,,,0.11,-0.63,-0.19,-0.57,-0.58,-0.56,0.07,-0.46,-0.11,-0.58,-0.47,-0.56,,,,0,-0.5,-0.11,-0.62,-0.52,-0.75,0.16,-0.14,-0.23,-0.53,-0.62,-0.74,,,,0.3,-0.03,-0.3,-0.42,-0.31,-0.32
"Hong Kong SAR, China",HKG,1.44,0.58,1.04,1.68,0.75,1.44,-0.11,0.7,1.15,1.9,1.02,1.35,,,,-0.01,0.93,1.33,1.83,0.82,1.34,0.19,0.91,1.39,1.73,1.29,1.71,,,,0.56,1.15,1.76,1.96,1.59,1.87,0.51,1.19,1.91,1.94,1.55,1.87,,,,0.45,1.13,1.86,1.95,1.49,1.9,0.51,0.94,1.68,1.88,1.54,1.96,,,,0.64,1.01,1.83,1.95,1.58,1.74,0.54,1.15,1.83,2.06,1.86,1.62,,,,0.27,0.84,1.86,2.15,1.7,1.58
Honduras,HND,-1.08,-0.47,-0.74,-0.69,-0.93,-1.08,-0.02,0.03,-0.55,-0.13,-0.92,-0.94,,,,-0.1,-0.08,-0.52,-0.32,-0.99,-0.95,-0.16,-0.26,-0.59,-0.41,-0.84,-0.97,,,,-0.34,-0.39,-0.62,-0.35,-0.76,-0.89,-0.14,-0.67,-0.65,-0.47,-0.99,-0.83,,,,-0.29,-0.53,-0.62,-0.31,-0.96,-0.9,-0.5,-0.5,-0.64,-0.22,-0.88,-0.89,1,0.33,-1,-0.47,-0.35,-0.7,-0.19,-1.14,-0.95,-0.41,-0.53,-0.81,-0.4,-0.94,-0.79,0,0,-2.33,-0.43,-0.36,-0.73,-0.51,-1.11,-0.69
Croatia,HRV,-0.58,-0.04,0.1,-0.17,-0.63,-0.58,-0.29,0.07,0.07,-0.08,-0.36,-0.56,15,2.14,0.86,0.51,0.28,0.33,-0.03,0.03,-0.07,0.56,0.63,0.35,0.32,-0.15,0.22,3,1,-0.33,0.66,0.69,0.44,0.54,0.09,0.26,0.48,0.56,0.57,0.42,0.01,0.08,2,0.67,-0.33,0.47,0.57,0.57,0.51,0.09,-0.01,0.48,0.61,0.62,0.57,0.2,0.06,,,,0.54,0.61,0.71,0.46,0.25,0.01,0.51,0.62,0.69,0.4,0.32,0.22,3,1,0,0.52,0.68,0.49,0.36,0.44,0.19
Haiti,HTI,-1.17,-0.76,-1,-0.91,-1.39,-1.17,-0.61,-0.94,-1.22,-0.81,-1.31,-1.2,,,,-0.73,-0.63,-1.36,-0.9,-1.46,-1.24,-1.18,-1.26,-1.55,-1.02,-1.77,-1.69,,,,-1.34,-1.99,-1.66,-1.35,-1.72,-1.47,-0.71,-1.39,-1.28,-0.85,-1.41,-1.31,,,,-0.59,-1.39,-1.29,-0.76,-1.28,-1.21,-0.71,-0.94,-1.63,-1.03,-1.37,-1.19,,,,-0.76,-0.79,-1.65,-0.94,-1.33,-1.24,-0.79,-0.64,-2.04,-1.07,-1.19,-1.23,,,,-0.73,-0.67,-2.06,-1.24,-1,-1.35
Hungary,HUN,0.67,1.01,0.86,0.85,0.91,0.67,1.07,1.22,0.99,1.03,0.87,0.77,,,,1.14,0.92,0.98,1.09,0.91,0.79,1.16,1.26,1.05,1.31,0.98,0.58,,,,1.15,0.83,0.86,1.16,0.91,0.69,1.02,0.99,0.87,1.21,1,0.66,,,,0.97,0.75,0.71,1.2,0.93,0.47,0.89,0.69,0.67,1.02,0.78,0.37,,,,0.75,0.68,0.63,0.99,0.62,0.36,0.55,0.67,0.53,0.75,0.5,0.16,,,,0.37,0.71,0.45,0.6,0.51,0.08
Indonesia,IDN,-0.86,-1.13,-0.71,-0.05,-0.49,-0.86,-1.02,-1.73,-0.61,-0.34,-0.78,-1.18,,,,-0.27,-2,-0.29,-0.21,-0.72,-0.92,-0.27,-1.58,-0.41,-0.64,-0.91,-1.14,,,,-0.26,-1.91,-0.42,-0.7,-0.77,-0.93,-0.08,-1.42,-0.33,-0.38,-0.72,-0.84,,,,-0.01,-1.06,-0.24,-0.35,-0.65,-0.59,-0.04,-0.85,-0.21,-0.42,-0.64,-0.75,,,,0.07,-0.59,-0.27,-0.28,-0.58,-0.64,0.15,-0.42,-0.04,-0.11,-0.34,-0.56,,,,0.14,-0.38,0.01,-0.12,-0.36,-0.39
India,IND,-0.38,-0.97,-0.11,-0.55,0.31,-0.38,0.39,-1.2,-0.06,-0.46,0.35,-0.25,,,,0.35,-1,-0.13,-0.16,0.33,-0.35,0.43,-1.21,-0.12,-0.35,0,-0.52,,,,0.4,-1.28,-0.16,-0.43,0.04,-0.41,0.44,-1.06,-0.1,-0.28,0.18,-0.28,,,,0.46,-1.11,-0.02,-0.39,0.09,-0.34,0.44,-1.28,0.03,-0.38,-0.04,-0.47,,,,0.4,-1.29,-0.17,-0.47,-0.07,-0.51,0.41,-1,-0.21,-0.45,-0.06,-0.43,,,,0.41,-0.95,0.1,-0.31,-0.07,-0.3
Ireland,IRL,1.71,1.34,1.67,1.51,1.5,1.71,1.36,1.51,1.8,1.7,1.63,1.59,,,,1.41,1.59,1.67,1.85,1.57,1.43,1.27,1.51,1.63,1.77,1.63,1.41,6,1.5,0.75,1.48,1.17,1.54,1.58,1.53,1.29,1.4,1.19,1.54,1.84,1.72,1.71,,,,1.42,1.19,1.5,1.91,1.72,1.75,1.32,1.02,1.35,1.62,1.77,1.69,,,,1.32,0.94,1.55,1.57,1.73,1.46,1.32,1.05,1.6,1.76,1.78,1.6,,,,1.29,0.88,1.35,1.74,1.54,1.63
"Iran, Islamic Rep.",IRN,-0.48,-0.32,-0.6,-1.42,-0.94,-0.48,-0.86,-0.69,-0.48,-1.64,-0.67,-0.45,3,1,-0.67,-0.93,-0.73,-0.49,-1.65,-0.51,-0.4,-1.08,-0.77,-0.54,-1.29,-0.78,-0.19,,,,-1.23,-0.76,-0.44,-1.26,-0.66,-0.39,-1.5,-1.04,-0.53,-1.46,-0.95,-0.48,1,0.33,-1.33,-1.57,-0.94,-0.64,-1.63,-0.91,-0.78,-1.61,-1.63,-0.48,-1.71,-1.02,-0.95,,,,-1.6,-1.32,-0.53,-1.43,-0.92,-0.79,-1.58,-0.87,-0.43,-1.46,-1.06,-0.62,1,0.33,-1,-1.39,-0.74,-0.2,-1.23,-0.71,-0.72
Iraq,IRQ,-1.6,-1.82,-2.09,-2.15,-1.56,-1.6,-1.94,-1.53,-1.95,-2.23,-1.55,-1.43,,,,-2.01,-1.74,-1.98,-2.2,-1.39,-1.5,-2.05,-1.61,-1.95,-1.99,-1.51,-1.41,,,,-1.64,-3.18,-1.59,-1.65,-1.83,-1.48,-1.28,-2.83,-1.72,-1.39,-1.68,-1.45,,,,-1.1,-2.47,-1.24,-1.15,-1.77,-1.46,-0.99,-2.24,-1.2,-1.05,-1.56,-1.26,,,,-1.08,-1.93,-1.11,-1.25,-1.46,-1.22,-1.14,-2.48,-1.11,-1.25,-1.33,-1.33,,,,-1.01,-2.28,-1.26,-1.13,-1.7,-1.4
Iceland,ISL,1.73,1.32,1.86,1.25,1.6,1.73,1.43,1.38,1.91,1.36,1.7,1.97,,,,1.49,1.58,2.03,1.61,1.83,2.27,1.47,1.62,2.02,1.55,1.89,2.25,,,,1.63,1.46,2.07,1.62,1.93,2.19,1.45,1.45,1.89,1.53,1.9,2.18,,,,1.43,1.22,1.83,1.31,1.87,2.34,1.45,1.02,1.59,0.92,1.71,1.94,,,,1.44,1.25,1.49,1.12,1.69,1.89,1.36,1.25,1.49,1.22,1.71,1.83,,,,1.34,1.33,1.41,1.28,1.51,1.99
Israel,ISR,1.35,-1.15,0.77,1.08,1.28,1.35,0.62,-1.12,1.09,1.1,1.03,1.19,,,,0.69,-1.04,1.11,1.13,1.02,1.05,0.59,-1.46,1.08,0.96,1.1,1.23,,,,0.66,-1.32,1.26,0.83,0.86,0.93,0.77,-1.26,1.25,1,0.9,1.01,,,,0.72,-1.32,1.33,1.17,0.85,0.9,0.58,-1.34,1.39,1.22,0.92,0.76,,,,0.64,-1.08,1.28,1.18,0.93,0.91,0.73,-1.04,1.21,1.22,1.11,0.87,,,,0.77,-0.83,1.35,1.31,1.02,1.06
Italy,ITA,0.41,1.11,0.84,0.86,1.06,0.41,1.06,1.19,0.87,0.75,0.83,0.52,11,2.2,1,1.04,0.92,0.77,0.83,0.86,0.73,1.04,0.84,0.8,0.94,0.76,0.55,4,1,0,1.18,0.27,0.65,1.09,0.6,0.38,1.06,0.53,0.36,0.98,0.39,0.48,17,2.43,1.43,1.03,0.55,0.28,0.97,0.46,0.27,0.96,0.47,0.44,0.9,0.43,0.13,2,0.67,-0.33,0.92,0.51,0.42,0.75,0.4,0.07,1,0.46,0.37,0.64,0.38,-0.03,3,1,-0.33,1.04,0.35,0.52,0.71,0.27,0.05
Jamaica,JAM,0.19,0.11,0.14,0.2,-0.34,0.19,0.73,0.09,0.19,0.18,-0.16,0.11,3,1,-2,0.68,0.19,0.06,0.19,-0.4,0.03,0.6,-0.21,0.02,0.24,-0.27,-0.46,,,,0.4,-0.35,0.17,0.2,-0.37,-0.35,0.62,-0.32,0.23,0.27,-0.4,-0.26,,,,0.58,-0.31,0.26,0.29,-0.33,-0.3,0.46,-0.43,0.22,0.28,-0.45,-0.23,,,,0.49,0.12,0.01,0.23,-0.38,-0.26,0.56,0.02,0.14,0.15,-0.28,-0.3,,,,0.69,0.24,0.41,0.16,-0.25,-0.16
Jordan,JOR,-0.04,-0.04,-0.03,0.02,0.28,-0.04,-0.42,0.08,0.05,0.42,0.35,0.1,,,,-0.28,0,-0.02,0.26,0.37,0.08,-0.8,-0.46,0.11,0.04,0.11,-0.05,,,,-0.55,-0.23,0.06,0.29,0.32,0.26,-0.72,-0.76,0.2,0.33,0.33,0.26,,,,-0.74,-0.37,0.23,0.32,0.41,0.36,-0.8,-0.31,0.1,0.23,0.19,0.04,,,,-0.73,-0.52,-0.01,0.19,0.37,0.07,-0.75,-0.54,0.12,0.08,0.46,0.14,,,,-0.76,-0.53,0.14,0.05,0.31,0.27
Japan,JPN,1.19,1.16,0.91,0.77,1.35,1.19,0.95,1.25,1.07,0.59,1.39,1.1,0,0,-1,0.96,1.2,1.2,0.84,1.32,1.27,1.01,1.18,1.07,0.53,1.18,0.97,7,1.75,0.5,1.04,1.03,1.36,1.14,1.27,1.22,0.95,1.14,1.59,1.26,1.36,1.33,1,0.33,-1.67,0.95,0.89,1.46,1.13,1.32,1.34,1.04,0.88,1.53,1.02,1.33,1.56,7,1.75,0.5,1.1,0.95,1.42,1.14,1.36,1.63,1.04,0.97,1.81,1.14,1.6,1.69,1,0.33,-1.33,1,1.01,1.83,1.43,1.38,1.51
Kazakhstan,KAZ,-1.13,-0.37,-0.96,-0.33,-1.19,-1.13,-0.76,0.19,-0.8,-0.35,-1.07,-1.02,,,,-0.97,0.09,-0.69,-0.59,-1.11,-1.12,-1.07,0.36,-0.93,-0.7,-1.14,-1.11,,,,-1.13,0.07,-0.65,-0.48,-1.01,-1.1,-1.19,0.21,-0.43,-0.36,-1.02,-0.99,,,,-1.09,0.62,-0.46,-0.34,-0.82,-0.98,-1.13,0.52,-0.44,-0.33,-0.62,-1,,,,-1.18,-0.41,-0.44,-0.38,-0.68,-0.92,-1.18,0.04,-0.04,-0.25,-0.6,-0.83,,,,-1.29,0.04,-0.06,-0.1,-0.42,-0.8
Kenya,KEN,-1.16,-0.65,-0.52,-0.31,-1.02,-1.16,-0.87,-0.9,-0.5,-0.31,-1.05,-1.15,,,,-0.81,-1.07,-0.53,-0.27,-0.87,-1.06,-0.68,-1.19,-0.63,-0.15,-0.87,-1,,,,-0.21,-1.09,-0.59,-0.28,-0.84,-0.86,-0.13,-1.13,-0.62,-0.19,-0.88,-0.93,,,,-0.28,-1.39,-0.59,-0.22,-0.99,-1.06,-0.22,-1.17,-0.56,-0.08,-0.94,-0.91,,,,-0.29,-1.32,-0.52,-0.3,-0.82,-1.09,-0.15,-1.28,-0.33,-0.32,-0.42,-0.93,,,,-0.15,-1.33,-0.31,-0.3,-0.53,-0.9
Kyrgyz Republic,KGZ,-0.99,-0.17,-0.38,-0.3,-0.73,-0.99,-0.81,-0.17,-0.1,-0.06,-0.7,-0.84,,,,-1.09,-0.18,-0.5,-0.08,-0.87,-0.9,-1.02,-0.61,-0.62,-0.11,-0.81,-0.99,,,,-1.02,-1.18,-0.68,-0.32,-0.81,-1.1,-0.76,-1.39,-0.81,-0.66,-1.31,-1.32,,,,-1.09,-0.57,-0.79,-0.35,-1.37,-1.22,-0.93,-1.04,-0.65,-0.25,-1.27,-1.17,,,,-0.61,-0.91,-0.65,-0.33,-1.13,-1.15,-0.46,-0.8,-0.87,-0.43,-0.93,-1.13,,,,-0.49,-0.66,-0.9,-0.35,-1.1,-1.08
Cambodia,KHM,-1.02,-1.1,-0.72,-0.23,-1.19,-1.02,-0.82,-1.26,-1.02,-0.24,-1.16,-1.15,,,,-0.78,-0.78,-0.83,-0.19,-1.06,-0.96,-0.74,-0.73,-0.81,-0.31,-1.14,-1.01,,,,-0.87,-0.41,-0.89,-0.51,-1.28,-1.06,-0.93,-0.35,-0.97,-0.61,-1.23,-1.25,,,,-0.97,-0.3,-0.99,-0.45,-1.15,-1.23,-0.93,-0.5,-0.94,-0.48,-1.12,-1.24,,,,-0.96,-0.1,-0.82,-0.34,-0.98,-1.07,-1.11,0.02,-0.69,-0.42,-0.96,-1.14,,,,-1.14,0.18,-0.69,-0.47,-1.1,-1.3
Kiribati,KIR,,,,,0.81,,1.18,,-0.53,-0.96,0.18,-0.58,,,,1.14,,-0.17,-0.95,0.59,-0.33,1.09,,-0.22,-0.98,0.56,-0.09,,,,0.41,1.16,-0.61,-0.52,0.37,0.32,0.7,1.35,-0.49,-0.98,0.85,0.05,,,,0.75,1.34,-0.7,-1.18,0.35,-0.03,0.64,1.42,-0.85,-1.34,0.06,-0.08,,,,0.77,1.29,-0.8,-1.33,0.14,0.01,0.94,0.8,-0.56,-0.92,-0.12,0.25,,,,1.03,0.87,-0.45,-0.84,0.21,0.25
St. Kitts and Nevis,KNA,,,,,0.81,,1.04,,-0.4,0.3,0.42,0.19,,,,1.04,,-0.06,0.23,0.85,0.11,1.02,,-0.28,0.2,0.67,0.32,,,,0.4,1.36,0.05,0.08,0.72,0.26,1.16,1.21,0.67,1.05,0.83,0.88,,,,1.08,0.92,0.69,0.65,0.75,0.98,1.17,1.04,0.71,0.48,0.7,1.01,,,,1.12,0.98,0.84,0.42,0.71,0.94,1.12,0.57,-0.07,0.19,0.07,0.25,,,,1.07,0.62,0.14,0.37,0.51,0.52
"Korea, Rep.",KOR,0.38,0.57,0.47,0.45,0.8,0.38,0.64,0.51,0.36,0.28,0.81,0.35,1,0.33,-2.33,0.64,0.4,0.75,0.6,0.88,0.32,0.75,0.24,0.91,0.82,0.95,0.5,11,1.57,0.29,0.73,0.43,0.9,0.8,0.92,0.39,0.69,0.42,1.05,0.75,0.87,0.35,4,1.33,-0.33,0.66,0.42,1.05,0.73,0.88,0.47,0.74,0.33,1.2,0.93,1,0.47,4,1,-0.5,0.73,0.27,1.2,0.89,0.98,0.54,0.68,0.11,1.16,1.11,0.99,0.55,1,0.33,-1,0.63,0.17,1.07,1.11,1.14,0.37
Kuwait,KWT,0.48,0.17,0.12,0.31,0.6,0.48,-0.3,0.46,-0.06,-0.04,0.64,0.59,,,,-0.3,0.75,-0.08,-0.03,0.57,0.59,-0.36,-0.15,0.11,0.36,0.61,1.01,,,,-0.3,0.34,0.1,0.57,0.52,0.79,-0.58,0.41,0.29,0.3,0.54,0.43,,,,-0.54,0.5,-0.01,0.17,0.59,0.42,-0.52,0.45,0.17,0.16,0.59,0.3,,,,-0.64,0.2,-0.07,-0.04,0.37,-0.19,-0.66,0.15,-0.15,-0.15,0.02,-0.24,,,,-0.69,-0.15,-0.18,-0.07,0.03,-0.2
Lao PDR,LAO,-0.72,0.37,-0.64,-1.04,-1.05,-0.72,-1.31,-0.19,-0.58,-0.94,-0.92,-0.6,,,,-1.34,-0.58,-0.78,-1.41,-0.99,-0.89,-1.74,-0.1,-0.91,-1.3,-1.15,-1.15,,,,-1.55,-0.61,-1,-1.29,-1.12,-1.24,-1.73,-0.09,-0.98,-1.27,-1.02,-1.31,,,,-1.71,0.02,-0.88,-1.14,-0.87,-1.2,-1.68,-0.28,-0.86,-1.02,-0.98,-1.19,,,,-1.64,0.03,-0.84,-0.82,-0.85,-1.02,-1.73,0.5,-0.42,-0.85,-0.75,-0.85,,,,-1.73,0.5,-0.39,-0.73,-0.77,-0.93
Lebanon,LBN,-0.66,-0.67,-0.13,-0.41,-0.28,-0.66,-0.4,-0.75,-0.01,-0.16,-0.31,-0.45,,,,-0.31,-0.44,-0.19,-0.37,-0.17,-0.54,-0.66,-0.36,-0.29,-0.36,-0.31,-0.48,,,,-0.41,-0.71,-0.26,-0.09,-0.26,-0.66,-0.39,-1.81,-0.26,-0.21,-0.64,-0.94,,,,-0.42,-1.88,-0.42,-0.25,-0.67,-0.82,-0.33,-1.63,-0.28,0.05,-0.71,-0.88,,,,-0.39,-1.66,-0.35,-0.12,-0.75,-0.87,-0.42,-1.7,-0.38,-0.25,-0.77,-1.04,,,,-0.52,-1.56,-0.53,-0.34,-0.86,-0.97
Liberia,LBR,-1.5,-2.44,-1.72,-1.83,-1.93,-1.5,-0.89,-1.75,-1.88,-2.02,-1.93,-1.7,,,,-1.03,-1.95,-1.77,-1.72,-2.01,-1.49,-1.27,-2.19,-1.52,-1.68,-1.81,-1.29,,,,-1.29,-1.37,-1.53,-1.86,-1.56,-1.32,-0.17,-1.33,-1.28,-1.47,-0.89,-0.72,,,,-0.18,-1.29,-1.28,-1.34,-1.09,-0.74,-0.21,-0.47,-1.28,-1.06,-0.96,-0.56,,,,-0.31,-0.48,-1.17,-1.05,-0.89,-0.6,-0.28,-0.62,-1.34,-0.86,-0.81,-0.77,,,,-0.1,-0.55,-1.32,-0.95,-0.97,-0.71
Libya,LBY,-0.87,-0.99,-0.88,-1.74,-1.18,-0.87,-1.68,-0.81,-0.94,-1.91,-1.11,-0.91,,,,-1.69,-0.3,-1.09,-1.79,-0.99,-0.87,-1.82,-0.1,-1,-1.61,-1.14,-0.95,,,,-1.8,0.36,-0.85,-1.35,-0.91,-0.91,-1.98,0.36,-1.06,-1.46,-1.08,-1.08,,,,-1.94,0.81,-1.18,-0.91,-0.82,-0.95,-1.94,0.03,-1.1,-1.19,-0.99,-1.29,,,,-0.9,-1.59,-1.47,-1.66,-1.14,-1.36,-1.11,-2.35,-1.69,-2.12,-1.51,-1.56,,,,-1.37,-2.21,-1.89,-2.27,-1.87,-1.57
St. Lucia,LCA,,1.03,,,0.81,,1.08,0.35,-0.27,0.3,0.42,0.19,,,,1.08,1.22,0.08,0.23,0.85,0.5,1.1,0.36,-0.13,0.2,0.67,0.32,,,,0.61,1.22,0.14,0.17,0.68,0.31,1.19,0.86,0.67,1.11,0.83,1.05,,,,1.22,0.64,0.69,0.54,0.85,1.16,1.2,0.79,0.8,0.48,0.85,1.2,,,,1.11,0.89,0.66,0.34,0.66,1.01,1.13,0.82,-0.02,0.28,0.57,0.41,,,,1.09,0.86,0.01,0.29,0.51,0.63
Liechtenstein,LIE,1.32,1.17,1.67,1.51,1.47,1.32,1.53,1.18,1.72,1.54,1.51,1.38,,,,1.54,1.17,1.71,1.52,1.53,1.36,1.35,1.28,1.69,1.71,1.52,1.35,,,,1.45,1.51,1.72,1.57,1.1,1.37,1.24,1.35,1.8,1.35,1.07,1.26,,,,1.32,1.34,1.8,1.4,1.43,1.19,1.59,1.54,1.78,1.53,1.62,1.85,,,,1.51,1.39,1.79,1.56,1.6,1.8,1.4,1.46,1.71,1.43,1.74,2.08,,,,1.19,1.46,1.7,1.37,1.68,2.05
Sri Lanka,LKA,-0.06,-1.78,-0.18,0.06,0.16,-0.06,-0.15,-1.48,-0.37,0.28,0.1,-0.15,,,,-0.19,-1.9,-0.3,0.24,0.15,-0.18,-0.09,-0.78,-0.04,0.19,0.33,-0.18,,,,-0.16,-1.01,-0.42,-0.07,0.18,-0.15,-0.31,-1.42,-0.16,-0.27,0.18,-0.2,,,,-0.46,-1.8,-0.12,-0.37,-0.01,-0.23,-0.51,-0.94,-0.2,-0.22,-0.12,-0.42,,,,-0.58,-0.72,-0.21,-0.11,-0.12,-0.24,-0.67,-0.33,0.05,-0.1,-0.17,-0.34,,,,-0.11,0.07,-0.21,-0.1,-0.01,-0.28
Lesotho,LSO,0.09,0.23,-0.12,-0.29,0.1,0.09,-0.43,-0.12,-0.08,-0.37,0.2,0.04,,,,-0.37,0.1,-0.13,-0.35,0.14,0,0.04,-0.05,-0.04,-0.39,0.09,-0.09,,,,-0.15,0.36,-0.35,-0.58,-0.11,-0.1,0.18,-0.13,-0.46,-0.67,-0.22,0,,,,-0.07,-0.21,-0.4,-0.65,-0.23,0.05,-0.1,0.46,-0.31,-0.6,-0.28,0.17,,,,0.07,0.27,-0.38,-0.52,-0.24,0.12,0.16,-0.33,-0.56,-0.41,-0.21,0.19,,,,0.03,-0.25,-0.8,-0.39,-0.18,-0.02
Lithuania,LTU,0.42,0.52,0.53,1.08,0.45,0.42,0.94,0.43,0.31,0.87,0.59,0.32,,,,0.86,0.42,0.14,0.76,0.29,0.36,0.9,0.89,0.56,1.07,0.45,0.2,,,,0.88,0.77,0.71,1.13,0.61,0.43,0.86,0.87,0.73,0.97,0.72,0.16,,,,0.85,0.75,0.62,1.12,0.72,0.14,0.92,0.72,0.74,0.96,0.78,0.38,,,,0.93,0.79,0.83,1.12,0.85,0.39,0.96,0.74,0.98,1.19,0.94,0.56,,,,0.99,0.8,1.09,1.14,1.02,0.67
Luxembourg,LUX,1.95,1.38,1.96,1.76,1.71,1.95,1.52,1.38,2.04,1.55,1.81,1.94,,,,1.51,1.61,1.97,1.92,1.85,2.05,1.41,1.64,2.04,1.92,1.9,2.06,,,,1.67,1.32,1.9,1.79,1.87,1.84,1.55,1.4,1.57,1.67,1.7,1.88,,,,1.55,1.51,1.63,1.66,1.8,1.97,1.57,1.46,1.72,1.68,1.85,2.05,,,,1.65,1.33,1.67,1.77,1.8,2.12,1.55,1.38,1.65,1.63,1.91,2.07,,,,1.44,1.41,1.69,1.72,1.71,2.08
Latvia,LVA,-0.2,0.56,0.49,0.9,0.13,-0.2,0.83,0.03,0.23,0.84,0.29,0.17,,,,0.74,0.42,0.33,0.75,0.2,-0.07,0.84,0.94,0.55,0.89,0.34,0.02,,,,0.7,0.62,0.61,0.97,0.59,0.18,0.85,0.84,0.69,1,0.67,0.37,,,,0.78,0.2,0.56,1.02,0.81,0.25,0.79,0.53,0.71,0.98,0.79,0.23,,,,0.78,0.45,0.84,1.02,0.79,0.25,0.85,0.49,0.96,1.17,0.87,0.42,,,,0.87,0.39,1,1.08,0.95,0.49
Kosovo,KOS,,,,,,,-1.27,,,,,,,,,-0.74,,,,-0.01,0.39,-0.39,,,,-0.05,0.38,,,,-0.36,,,,-0.79,-0.29,-0.51,,-0.33,,-0.85,-0.51,,,,-0.31,1.01,-0.49,-0.01,-0.59,-0.63,-0.18,-1.04,-0.58,-0.05,-0.61,-0.62,,,,-0.22,-1.04,-0.35,-0.02,-0.53,-0.65,-0.2,-0.34,-0.32,-0.15,-0.47,-0.49,,,,-0.16,-0.2,-0.44,-0.19,-0.38,-0.42
"Macao SAR, China",MAC,0.42,0.27,0.39,0.55,0.21,0.42,0.3,0.28,0.43,0.57,0.22,0.46,,,,0.29,0.49,0.66,0.55,0.21,0.43,0.45,0.55,0.88,0.74,0.71,-0.06,,,,0.13,1.35,1.2,1.59,1.39,1.42,0.31,0.97,1.03,1.1,0.44,0.35,,,,0.08,0.48,1.02,1.03,0.46,0.44,0.63,0.57,1.36,1.35,0.72,0.42,,,,-0.24,0.63,1.09,1.36,0.65,0.43,-0.33,1.21,1.47,1.73,0.95,0.85,,,,-0.06,1.42,1.18,1.78,0.83,0.83
Morocco,MAR,-0.11,-0.21,-0.1,-0.1,0.22,-0.11,-0.24,0.31,0,-0.02,0.23,0.11,4,1.33,0,-0.45,-0.07,-0.07,-0.03,0.13,-0.11,-0.47,-0.26,-0.15,-0.14,-0.02,-0.19,,,,-0.51,-0.31,-0.13,-0.25,-0.03,-0.14,-0.71,-0.46,-0.16,-0.18,-0.29,-0.41,,,,-0.76,-0.57,-0.18,-0.19,-0.3,-0.38,-0.7,-0.38,-0.1,-0.08,-0.17,-0.2,,,,-0.61,-0.47,-0.06,-0.08,-0.21,-0.44,-0.69,-0.45,-0.07,-0.13,-0.07,-0.27,,,,-0.65,-0.29,-0.1,-0.23,-0.14,-0.15
Monaco,MCO,,,,,0.81,,1.11,,,,0.91,,,,,1.12,,,,0.86,,1.09,,,,0.86,,,,,0.93,1.11,,,0.84,,0.93,1.01,,,0.99,,,,,0.97,1.03,,,0.91,,1.02,0.96,,,0.89,,,,,0.8,1.05,,,0.93,,0.99,1.02,,,,,,,,0.85,1,,,,
Moldova,MDA,-0.44,0.01,-0.22,-0.07,-0.12,-0.44,0.09,0.39,-0.4,-0.21,-0.03,-0.42,,,,-0.14,-0.43,-0.51,-0.29,-0.48,-0.66,-0.53,-0.16,-0.56,-0.4,-0.6,-0.95,,,,-0.59,-0.22,-0.87,-0.44,-0.33,-0.98,-0.27,-0.37,-0.79,-0.34,-0.52,-0.64,,,,-0.31,-0.27,-0.77,-0.18,-0.43,-0.63,-0.06,-0.38,-0.66,-0.1,-0.36,-0.67,,,,-0.03,0.05,-0.57,-0.1,-0.32,-0.61,0.01,-0.16,-0.42,0.02,-0.25,-0.85,,,,-0.03,-0.28,-0.62,-0.12,-0.54,-0.96
Madagascar,MDG,-0.37,0.22,-0.45,-0.91,-0.4,-0.37,0.15,0.2,-0.74,-0.77,-0.52,-0.79,,,,0.11,0.16,-0.58,-0.43,-0.24,-0.45,-0.15,-0.23,-0.39,-0.24,-0.3,-0.18,,,,0.01,0.24,-0.49,-0.32,-0.25,-0.28,-0.11,0.18,-0.6,-0.17,-0.45,-0.19,,,,-0.33,-0.47,-0.65,-0.33,-0.45,-0.27,-0.85,-0.98,-0.96,-0.57,-0.87,-0.43,,,,-0.88,-0.54,-1.09,-0.56,-0.91,-0.67,-0.5,-0.56,-1.3,-0.69,-0.74,-0.84,,,,-0.27,-0.4,-1.17,-0.69,-0.74,-0.9
Maldives,MDV,-0.32,0.88,0.9,1.03,0.02,-0.32,-0.67,1.11,0.88,0.85,-0.26,-0.38,,,,-0.76,1.18,0.37,0.72,0.07,-0.38,-0.84,1.08,0.4,0.8,-0.14,-0.18,,,,-1.19,0.5,-0.01,-0.06,-0.08,-0.35,-1.01,0.76,0.13,0.4,-0.07,-0.6,,,,-0.3,-0.16,-0.23,-0.35,-0.18,-0.82,-0.06,-0.17,-0.21,-0.36,-0.34,-0.55,,,,-0.47,-0.37,-0.22,-0.38,-0.54,-0.7,-0.37,0.68,-0.36,-0.34,-0.53,-0.38,,,,-0.74,0.41,-0.33,-0.46,-0.41,-0.67
Mexico,MEX,-0.51,-0.92,0.23,0.13,-0.73,-0.51,0.06,-0.42,0.36,0.21,-0.51,-0.45,5,1.25,0.25,0.26,-0.2,0.24,0.25,-0.38,-0.25,0.35,-0.06,0.27,0.45,-0.31,-0.18,7,1.75,0,0.32,-0.21,0.12,0.43,-0.37,-0.3,0.15,-0.64,0.09,0.38,-0.43,-0.26,4,1,0,0.13,-0.8,0.19,0.34,-0.67,-0.24,0.18,-0.73,0.16,0.25,-0.55,-0.36,4,1,-0.25,0.11,-0.66,0.34,0.48,-0.53,-0.41,0,-0.85,0.2,0.43,-0.42,-0.76,7,1.75,0.5,-0.09,-0.77,0.14,0.29,-0.5,-0.77
Marshall Islands,MHL,,,,,-0.2,,1.24,,-0.4,-0.78,-0.23,-0.58,,,,1.26,,-0.83,-0.66,0,-0.29,1.23,,-1.13,-0.49,0.19,-0.48,,,,1.2,1.13,-0.94,-0.85,-0.21,-0.57,1.16,1.04,-1.16,-0.93,0.03,-0.55,,,,1.19,1.01,-1.3,-0.67,0.2,-0.57,1.11,1.15,-1.28,-0.98,-0.26,-0.33,,,,1.1,1.03,-1.44,-1.05,0.03,-0.26,1.15,0.99,-1.56,-0.95,-0.22,-0.11,,,,1.2,0.93,-1.56,-0.98,-0.1,-0.06
"Macedonia, FYR",MKD,-0.61,-0.48,-0.64,-0.35,-0.31,-0.61,-0.16,-0.71,-0.6,-0.16,-0.35,-0.51,,,,-0.34,-0.62,-0.75,-0.13,-0.57,-0.6,-0.17,-1.04,-0.52,-0.19,-0.55,-0.8,,,,-0.16,-0.85,-0.18,-0.05,-0.24,-0.5,0.17,-0.74,-0.11,-0.05,-0.53,-0.37,,,,0.2,-0.3,-0.02,0.22,-0.35,-0.19,0.11,-0.52,-0.09,0.32,-0.26,-0.08,,,,-0.03,-0.49,-0.07,0.35,-0.22,-0.04,-0.14,0.26,0.13,0.48,-0.05,-0.02,,,,-0.23,-0.38,0.09,0.44,-0.31,-0.31
Mali,MLI,-0.78,0.36,-1,-0.53,-0.3,-0.78,-0.07,0.43,-0.98,-0.23,-0.35,-0.85,,,,-0.05,0.24,-0.8,-0.1,-0.35,-0.84,0.28,0.41,-0.56,-0.43,-0.23,-0.68,,,,0.25,0.45,-0.66,-0.48,-0.19,-0.59,0.3,0.41,-0.74,-0.46,-0.29,-0.48,,,,0.2,0.21,-0.77,-0.41,-0.32,-0.53,0.16,-0.18,-0.86,-0.49,-0.45,-0.68,,,,-0.5,-2.03,-1,-0.41,-0.67,-0.83,-0.16,-1.71,-1.1,-0.6,-0.64,-0.75,,,,-0.18,-1.55,-0.99,-0.59,-0.78,-0.67
Malta,MLT,0.48,1.32,0.93,0.97,1.05,0.48,1.14,1.43,0.94,1.06,1.3,0.56,,,,1.19,1.59,1.1,1.15,1.39,0.96,1.17,1.6,1.1,1.1,1.51,0.8,,,,1.37,1.32,0.8,1.13,1.33,0.85,1.2,1.23,1.03,1.12,1.57,1.01,,,,1.25,1.27,1.28,1.2,1.62,1,1.17,1.25,1.19,1.43,1.42,0.79,,,,1.17,1.07,1.25,1.33,1.34,0.94,1.18,1.13,1.03,1.08,1.19,0.85,,,,1.2,1.08,0.95,1.16,1.08,0.72
Myanmar,MMR,-1.5,-1.26,-1.21,-1.68,-1.58,-1.5,-1.92,-1.48,-1.2,-1.79,-1.53,-1.34,,,,-2.04,-1.67,-1.23,-2.04,-1.42,-1.39,-2.01,-1.41,-1.31,-2.06,-1.71,-1.32,,,,-2.12,-0.99,-1.56,-2.34,-1.74,-1.65,-2.23,-0.85,-1.45,-2.19,-1.53,-1.66,,,,-2.21,-1.09,-1.53,-2.21,-1.54,-1.62,-2.07,-1.29,-1.62,-2.24,-1.55,-1.67,,,,-1.62,-0.94,-1.48,-1.83,-1.35,-1.06,-1.34,-1.09,-1.28,-1.38,-1.19,-0.88,,,,-0.85,-0.63,-0.98,-0.87,-0.99,-0.65
Mongolia,MNG,0.11,0.75,-0.38,-0.17,0.2,0.11,0.56,0.35,-0.26,-0.07,0.2,0.06,,,,0.38,0.82,-0.28,-0.07,-0.01,-0.31,0.38,1.17,-0.15,-0.06,0.18,-0.01,,,,0.27,0.77,-0.41,-0.39,0.03,-0.4,0.25,0.65,-0.48,-0.33,-0.32,-0.58,,,,0.27,0.54,-0.53,-0.34,-0.35,-0.66,0.09,0.6,-0.57,-0.24,-0.36,-0.74,,,,0.07,0.47,-0.64,-0.21,-0.38,-0.54,0.24,0.79,-0.44,-0.27,-0.34,-0.47,,,,0.45,0.82,-0.11,-0.08,-0.22,-0.5
Montenegro,MNE,,,,,,,-0.59,,,,-0.78,0.52,7,1.75,0.25,-0.5,,,,0.34,-0.17,0.01,,,,0.29,-0.15,,,,0.11,,,,-0.21,-0.46,0.26,0.04,-0.13,-0.33,-0.27,-0.4,0,0,-2.67,0.24,0.77,-0.03,-0.13,-0.08,-0.21,0.19,0.58,0.09,-0.07,0.01,-0.23,,,,0.22,0.6,0.13,0.02,0.02,-0.11,0.16,0.22,0.27,0.13,0.08,-0.06,,,,0.08,0.16,0.1,0.22,-0.04,-0.1
Mozambique,MOZ,-0.42,-0.05,-0.14,-0.52,-0.81,-0.42,-0.16,0.11,-0.39,-0.28,-0.8,-0.43,,,,-0.22,-0.13,-0.43,-0.16,-0.73,-0.43,-0.22,0.19,-0.38,-0.31,-0.64,-0.51,,,,-0.03,0,-0.54,-0.49,-0.67,-0.6,-0.09,0.52,-0.62,-0.56,-0.61,-0.62,,,,-0.07,0.38,-0.51,-0.45,-0.61,-0.49,-0.12,0.39,-0.58,-0.4,-0.47,-0.45,,,,-0.2,0.39,-0.63,-0.45,-0.59,-0.57,-0.25,-0.34,-0.72,-0.41,-0.81,-0.67,,,,-0.39,-1.05,-0.85,-0.7,-1.02,-0.87
Mauritania,MRT,-0.56,0.37,-0.12,-0.4,-0.5,-0.56,-0.71,0.35,-0.06,-0.51,-0.48,-0.47,,,,-0.79,0.34,-0.14,-0.37,-0.42,-0.45,-0.79,0.38,0,0.34,-0.52,-0.03,,,,-1.13,-0.17,-0.43,-0.06,-0.73,-0.53,-0.85,0.24,-0.87,-0.43,-0.78,-0.74,,,,-0.94,-0.64,-0.98,-0.64,-1.14,-0.79,-0.91,-1.08,-0.97,-0.83,-0.89,-0.72,,,,-0.91,-1.13,-0.91,-0.64,-0.92,-0.78,-0.9,-0.59,-0.99,-0.81,-0.86,-0.93,,,,-0.83,-0.74,-0.79,-0.74,-0.78,-0.8
Martinique,MTQ,0.87,0.27,0.9,1.03,1.21,0.87,0.73,0.28,0.95,1.06,1.25,0.92,,,,0.72,0.49,0.92,1.03,1.26,0.9,0.68,0.55,0.88,0.98,1.24,0.88,,,,0.78,1.26,0.86,0.82,0.98,0.9,0.55,1.11,0.77,0.86,0.82,0.78,,,,0.53,0.59,0.76,0.89,0.86,0.81,0.55,0.4,0.75,0.89,0.85,0.82,,,,0.58,0.58,0.75,0.85,0.84,0.79,,0.91,0.7,1.24,0.02,1.23,,,,,1,0.8,1.24,0.86,1.23
Mauritius,MUS,0.03,1.09,0.2,-0.12,0.9,0.03,1.01,0.97,0.38,0.43,1.05,0.34,,,,0.98,0.76,0.42,0.61,0.98,0.38,0.79,1.12,0.41,0.58,1.05,0.46,,,,0.84,0.97,0.63,0.42,1,0.25,0.91,0.78,0.69,0.57,0.88,0.35,,,,0.86,0.89,0.77,0.79,1,0.52,0.79,0.64,0.87,0.89,0.86,0.56,,,,0.88,0.97,0.98,0.99,0.97,0.3,0.94,0.67,1.04,1.13,0.91,0.35,,,,0.86,1.05,0.96,1.03,0.8,0.32
Malawi,MWI,-0.32,-0.45,-0.29,-0.29,-0.38,-0.32,0.06,-0.07,-0.26,-0.22,-0.37,-0.25,,,,-0.13,-0.33,-0.34,-0.21,-0.48,-0.27,-0.58,0,-0.71,-0.49,-0.42,-0.96,,,,-0.54,0.12,-0.77,-0.54,-0.12,-0.77,-0.25,0.12,-0.86,-0.51,-0.22,-0.55,,,,-0.25,-0.06,-0.55,-0.48,-0.11,-0.45,-0.19,0.04,-0.41,-0.57,-0.13,-0.49,,,,-0.21,0,-0.48,-0.7,-0.22,-0.47,-0.06,0.08,-0.63,-0.8,-0.29,-0.75,,,,0.04,-0.06,-0.73,-0.84,-0.37,-0.75
Malaysia,MYS,0.38,0.57,0.54,0.78,0.52,0.38,-0.42,-0.04,0.76,0.59,0.3,0.45,,,,-0.42,0.09,1.06,0.56,0.27,0.34,-0.49,0.54,1.02,0.56,0.45,0.27,,,,-0.24,0.35,1.09,0.47,0.52,0.34,-0.54,0.29,1.27,0.55,0.47,0.23,,,,-0.56,0.11,1.11,0.32,0.34,-0.05,-0.5,0.14,1.12,0.59,0.48,0.09,,,,-0.35,-0.01,0.92,0.57,0.47,0.24,-0.36,0.27,1.12,0.84,0.59,0.41,,,,-0.47,0.1,0.88,0.71,0.54,0.11
Namibia,NAM,0.81,0.85,0.43,0.36,0.25,0.81,0.33,0.51,0.22,0.17,0.31,0.69,,,,0.33,-0.25,0.16,0.28,0.22,0.58,0.25,0.15,0.14,0.52,0.33,0.11,,,,0.27,0.66,0.06,0.15,0,0.16,0.48,0.78,0.09,0.12,0.12,0.24,,,,0.45,1.2,0.18,0.17,0.35,0.61,0.35,0.85,0.07,0.09,0.15,0.34,,,,0.38,0.98,0.14,0.08,0.25,0.34,0.55,0.61,0.11,-0.02,0.15,0.29,,,,0.61,0.74,0.17,-0.14,0.39,0.37
Niger,NER,-0.87,0.03,-1.17,-0.98,-0.66,-0.87,-1.29,-0.31,-1.03,-0.64,-0.56,-0.98,,,,-0.12,0.12,-1.04,-0.57,-0.72,-0.88,-0.2,-0.13,-0.83,-0.68,-0.64,-0.99,,,,-0.19,-0.51,-0.66,-0.58,-0.64,-0.82,-0.32,-0.23,-0.78,-0.49,-0.59,-0.85,,,,-0.44,-0.67,-0.7,-0.42,-0.67,-0.72,-0.67,-1.16,-0.66,-0.52,-0.48,-0.66,,,,-0.28,-1.15,-0.68,-0.59,-0.65,-0.64,-0.2,-1.18,-0.7,-0.72,-0.65,-0.69,,,,-0.34,-1.08,-0.59,-0.67,-0.64,-0.64
Nigeria,NGA,-1.19,-1.06,-0.92,-0.97,-1.29,-1.19,-1.08,-0.59,-1.12,-0.95,-1.26,-1.16,6,1.5,-0.75,-0.48,-1.46,-0.96,-0.75,-1.1,-1.22,-0.63,-1.63,-1.03,-1.22,-1.41,-1.43,1,0.33,-0.67,-0.8,-1.75,-0.94,-1.35,-1.41,-1.34,-0.62,-2.03,-0.97,-0.91,-1.07,-1.12,,,,-0.74,-1.86,-0.98,-0.8,-1.04,-0.89,-0.78,-2.21,-1.17,-0.73,-1.16,-1.05,1,0.33,-0.67,-0.7,-2.04,-1,-0.71,-1.15,-1.17,-0.59,-2.13,-1.19,-0.82,-1.05,-1.27,4,1,-0.5,-0.3,-1.85,-1.09,-0.92,-1.05,-1.04
Nicaragua,NIC,-0.56,-0.52,-0.57,-0.44,-0.52,-0.56,0.1,-0.49,-0.62,0.01,-0.65,-0.89,,,,-0.13,-0.06,-0.62,-0.13,-0.89,-1.01,-0.05,-0.09,-0.77,-0.39,-0.68,-0.48,,,,-0.02,-0.34,-0.73,-0.31,-0.77,-0.4,-0.19,-0.27,-0.88,-0.43,-0.75,-0.67,,,,-0.37,-0.22,-0.91,-0.41,-0.8,-0.76,-0.48,-0.5,-0.96,-0.28,-0.83,-0.75,,,,-0.54,-0.35,-0.89,-0.3,-0.73,-0.77,-0.4,-0.04,-0.84,-0.39,-0.71,-0.89,,,,-0.63,-0.17,-0.7,-0.51,-0.6,-0.89
Niue,NIU,,,,,,,,,,,,,,,,,,,,,,,,,,,,,,,,,,,,,,,,,,,,,,,,,,,,-0.36,1.32,-1.01,-0.98,-0.74,-0.46,,,,-0.48,,-1,-0.91,-0.78,-0.44,,,,,,,,,,,,,,,
Netherlands,NLD,2.08,1.53,1.94,1.84,1.7,2.08,1.56,1.59,2.08,1.93,1.79,2.15,12,1.71,0.86,1.54,1.76,2.07,2.1,1.77,2.21,1.47,1.31,2,1.87,1.74,2.12,,,,1.7,1.02,2.09,1.78,1.76,2,1.54,0.9,1.79,1.68,1.78,2.05,7,1.75,0.25,1.48,0.87,1.7,1.78,1.76,2.12,1.45,0.94,1.73,1.73,1.82,2.14,18,2.57,0.86,1.61,1.19,1.81,1.75,1.86,2.12,1.55,1.05,1.82,1.77,1.98,1.99,17,2.43,1.57,1.48,0.89,1.84,1.98,1.89,1.95
Norway,NOR,2.14,1.46,1.95,1.53,1.92,2.14,1.49,1.44,1.98,1.47,2,2.22,5,1.25,0,1.53,1.53,1.9,1.16,1.86,2.19,1.49,1.61,1.9,1.26,1.88,2.17,,,,1.7,1.2,2.08,1.45,1.98,1.94,1.54,1.25,1.88,1.22,1.98,2.13,,,,1.55,1.29,1.84,1.37,1.97,1.91,1.6,1.33,1.88,1.51,1.9,2.09,,,,1.73,1.33,1.91,1.55,1.96,2.26,1.68,1.12,1.83,1.65,2.03,2.23,,,,1.58,1.17,1.88,1.7,2.02,2.2
Nepal,NPL,-0.64,-0.07,-0.38,-0.4,-0.01,-0.64,-0.19,-0.73,-0.62,-0.35,-0.01,-0.74,,,,-0.28,-1.17,-0.46,-0.51,-0.25,-0.67,-0.8,-1.72,-0.46,-0.52,-0.47,-0.36,,,,-1.13,-2.15,-0.75,-0.54,-0.74,-0.87,-0.91,-1.89,-0.91,-0.52,-0.62,-0.69,,,,-0.5,-1.83,-0.8,-0.62,-0.67,-0.81,-0.45,-1.58,-0.87,-0.74,-0.95,-0.69,,,,-0.64,-1.38,-0.98,-0.8,-0.74,-0.81,-0.43,-0.72,-0.85,-0.83,-0.65,-0.59,,,,-0.23,-0.79,-0.81,-0.76,-0.84,-0.76
Nauru,NRU,,,,,0.81,,1.01,,,,0.91,,,,,0.94,,,,0.86,,0.95,,,,0.86,,,,,1.07,1.13,,,0.84,,1.07,1.04,,,0.99,,,,,1.08,1.01,-0.43,-0.87,0.37,-0.32,1.07,1.45,-0.56,-1.05,0.46,0.01,,,,1.1,1.03,-0.56,-1.19,0.73,-0.02,0.81,0.6,-0.57,-1.24,-1.01,-0.47,,,,0.52,0.55,-0.69,-0.38,-0.8,-0.47
New Zealand,NZL,2.11,1.34,1.77,1.89,1.86,2.11,1.56,1.32,1.69,2.03,1.9,2.21,,,,1.68,1.36,1.66,1.74,1.83,2.25,1.5,1.32,1.74,1.61,1.82,2.32,,,,1.65,1.5,1.96,1.76,1.87,2.38,1.5,1.26,1.59,1.7,1.81,2.33,,,,1.48,1.16,1.68,1.8,1.86,2.31,1.51,1.24,1.82,1.81,1.87,2.34,3,1,0,1.62,1.36,1.8,1.85,1.89,2.32,1.52,1.47,1.93,1.95,2.01,2.25,,,,1.44,1.49,1.86,2.04,1.93,2.3
Oman,OMN,0.41,0.87,0.44,0.09,0.55,0.41,-0.89,0.86,0.45,-0.03,0.45,0.76,,,,-0.76,1.12,0.32,0.08,0.56,0.8,-0.79,0.93,0.39,0.72,0.47,0.93,,,,-0.66,1.12,0.48,0.66,0.52,0.67,-1.16,0.84,0.31,0.6,0.29,0.35,,,,-1.07,0.92,0.42,0.7,0.59,0.52,-1.04,0.59,0.38,0.44,0.54,0.32,,,,-1.02,0.46,0.26,0.47,0.52,0.18,-1.09,0.73,0.27,0.69,0.49,0.31,,,,-1.11,0.8,0.19,0.61,0.43,0.37
Pakistan,PAK,-1.22,-1.12,-0.62,-0.51,-0.63,-1.22,-0.54,-1.12,-0.46,-0.48,-0.76,-1.05,,,,-1.22,-1.1,-0.6,-0.76,-0.93,-0.84,-1.11,-1.64,-0.41,-0.78,-0.78,-0.91,,,,-1.14,-1.58,-0.46,-0.91,-0.88,-1.08,-0.89,-2.03,-0.38,-0.48,-0.86,-0.81,,,,-0.84,-2.57,-0.72,-0.6,-0.97,-0.9,-0.8,-2.68,-0.77,-0.6,-0.74,-1.09,,,,-0.84,-2.68,-0.78,-0.72,-0.88,-1.06,-0.72,-2.4,-0.76,-0.68,-0.76,-0.83,,,,-0.69,-2.47,-0.64,-0.64,-0.83,-0.86
Panama,PAN,-0.2,0.12,0.22,0.65,-0.17,-0.2,0.51,0.37,0.38,0.87,-0.05,-0.08,,,,0.63,0.25,0.26,0.58,-0.15,-0.32,0.62,0.34,0.03,0.48,-0.06,-0.3,,,,0.52,0.08,-0.07,0.26,-0.1,-0.27,0.6,-0.07,0.07,0.32,-0.13,-0.32,,,,0.6,-0.1,0.12,0.62,-0.17,-0.09,0.54,-0.12,0.14,0.38,-0.07,-0.32,,,,0.47,-0.18,0.29,0.38,-0.19,-0.36,0.51,0.21,0.26,0.37,-0.06,-0.34,,,,0.53,0.43,0.19,0.36,0.03,-0.49
Palau,PLW,,,,,0.81,,1.11,,,,0.91,,,,,1.12,,,,0.86,,1.09,,,,0.86,,,,,1.2,1.13,,,0.84,,1.19,1.04,,,0.99,,,,,1.22,1.01,-0.6,-0.7,0.78,-0.32,1.19,1.45,-0.85,-0.87,0.75,-0.5,,,,1.21,1.03,-0.56,-0.99,0.9,-0.43,1.18,0.99,-0.57,-0.82,0.28,-0.47,,,,1.23,0.93,-0.41,-0.18,0.32,-0.47
Peru,PER,-0.4,-1.06,0.03,0.49,-0.7,-0.4,-0.64,-0.52,0.17,0.62,-0.71,-0.37,,,,-0.37,-0.99,-0.06,0.44,-0.69,-0.39,0.22,-0.97,-0.34,0.02,-0.47,-0.27,,,,-0.13,-1.03,-0.51,0.21,-0.49,-0.32,0.09,-0.84,-0.67,0.13,-0.69,-0.2,,,,0.15,-0.89,-0.36,0.35,-0.7,-0.19,0.11,-1,-0.19,0.45,-0.56,-0.23,,,,0.11,-0.91,-0.14,0.49,-0.57,-0.37,0.19,-0.55,-0.27,0.52,-0.52,-0.56,,,,0.28,-0.16,-0.17,0.51,-0.49,-0.35
Philippines,PHL,-0.36,-0.48,-0.31,0.02,0.07,-0.36,0.42,-0.25,0.03,0.25,0.09,-0.29,,,,0.23,-1.39,-0.18,0.12,-0.38,-0.51,0.16,-0.86,-0.13,-0.1,-0.37,-0.5,,,,0.03,-1.71,-0.24,-0.3,-0.57,-0.65,-0.09,-1.64,-0.13,-0.17,-0.41,-0.83,,,,-0.14,-1.78,0.02,-0.08,-0.55,-0.76,-0.04,-1.65,0,-0.23,-0.55,-0.76,,,,-0.03,-1.19,0.11,-0.06,-0.52,-0.56,0.16,-0.71,0.19,-0.04,-0.32,-0.44,,,,0.14,-1.3,-0.01,0,-0.4,-0.53
Papua New Guinea,PNG,-0.43,-0.77,-0.34,-0.43,-0.62,-0.43,0.08,-0.11,-0.5,-0.53,-0.57,-0.76,,,,-0.06,-0.21,-0.43,-0.47,-0.84,-0.83,-0.16,-0.55,-0.47,-0.58,-0.94,-0.91,,,,-0.42,-0.55,-0.65,-0.78,-0.9,-0.96,0.01,-0.87,-0.75,-0.76,-0.83,-1.14,,,,0.01,-0.61,-0.69,-0.69,-0.92,-1.15,-0.03,-0.81,-0.72,-0.56,-0.91,-1.04,,,,-0.06,-0.59,-0.74,-0.51,-0.84,-0.94,0.01,-0.34,-0.61,-0.34,-0.8,-0.91,,,,0.19,-0.5,-0.73,-0.56,-0.75,-0.92
Poland,POL,0.71,0.83,0.68,0.72,0.77,0.71,1.09,0.84,0.69,0.72,0.86,0.82,,,,1.08,0.31,0.61,0.75,0.71,0.71,1.09,0.74,0.51,0.77,0.71,0.4,3,1,-1.33,1.02,0.15,0.47,0.82,0.42,0.14,0.8,0.35,0.37,0.73,0.4,0.27,3,1,-0.67,0.95,0.91,0.47,0.83,0.55,0.46,1.04,1.02,0.64,0.98,0.68,0.5,,,,1.06,1.05,0.68,0.96,0.78,0.66,1.11,0.84,0.83,1.05,0.84,0.64,,,,0.84,0.51,0.69,0.95,0.68,0.75
Puerto Rico,PRI,0.42,0.27,1.16,1.27,0.96,0.42,1.13,0.28,1.21,1.3,0.99,0.46,,,,1.11,0.26,1.18,1.28,0.99,0.9,1.01,0.3,1.15,1.22,0.97,1.35,,,,0.87,0.56,0.98,0.87,0.8,1.28,1.14,0.38,0.59,1.1,0.53,0.51,,,,1.15,0.27,0.6,1.02,0.54,0.42,0.84,0.36,0.33,0.86,0.77,0.48,,,,0.69,0.58,0.4,0.92,0.8,0.54,0.78,0.82,0.36,0.89,0.77,0.46,,,,0.4,0.81,0.38,0.95,0.68,0.04
"Korea, Dem. Rep.",PRK,-1.28,-0.5,-1.89,-2.28,-1.15,-1.28,-2.07,-0.42,-1.95,-2.16,-1.15,-1.25,,,,-2.12,-0.01,-1.84,-2.18,-1.06,-1.33,-2.14,0.18,-1.85,-1.88,-1.31,-1.03,,,,-2.07,0.22,-1.73,-2.27,-1.28,-1.38,-2.31,-0.03,-1.75,-2.28,-1.39,-1.44,,,,-2.23,0.52,-2.02,-2.19,-1.23,-1.52,-2.23,-0.3,-1.87,-2.45,-1.38,-1.28,0,0,-3.67,-2.24,-0.01,-1.91,-2.53,-1.35,-1.28,-2.19,-1.13,-1.64,-2.19,-1.62,-1.3,,,,-2.13,-0.71,-1.65,-2.33,-1.63,-1.45
Portugal,PRT,1.37,1.29,1.27,1.22,1.29,1.37,1.43,1.37,1.16,1.14,1.28,1.29,,,,1.36,1.4,1.02,0.96,1.23,1.19,1.3,1.44,1.21,1.29,1.34,1.26,3,1,0.67,1.46,0.97,1.06,1.2,1.25,1.14,1.23,0.95,0.87,1.07,0.99,1.02,13,1.86,0.29,1.2,0.99,1.09,1.1,1.02,1.07,1.11,0.72,1.01,0.72,1.06,1.09,5,1.25,1.5,1.03,0.78,1.04,0.83,1.07,0.96,1.11,0.81,0.99,0.75,1.14,0.95,4,1.33,-1,1.17,1.02,1.22,0.84,1.13,0.96
Paraguay,PRY,-1.17,-0.46,-0.91,-0.49,-0.66,-1.17,-0.25,-0.74,-1.06,-0.7,-0.87,-1.34,5,1.25,0.25,-0.51,-0.97,-1.16,-0.82,-1.01,-1.38,-0.46,-1.22,-1.07,-0.57,-1.1,-1.34,4,1,-0.25,-0.47,-0.57,-0.95,-0.73,-1,-1.37,-0.26,-0.77,-0.96,-0.69,-0.98,-1.14,3,1,0,-0.12,-0.72,-0.89,-0.52,-0.93,-0.98,-0.08,-0.83,-0.93,-0.36,-0.86,-0.73,6,1.2,0.2,-0.11,-0.87,-0.89,-0.32,-0.85,-0.86,-0.1,-0.09,-0.92,-0.28,-0.67,-0.97,,,,-0.04,0.2,-0.77,-0.3,-0.67,-0.75
Qatar,QAT,-0.05,0.36,0.56,0.17,-0.04,-0.05,-0.78,1.06,0.46,0.07,0.19,0.5,,,,-0.65,1.16,0.45,0,0.51,0.53,-0.7,0.83,0.5,0.3,0.55,0.68,,,,-0.43,1.12,0.53,0.17,0.35,0.52,-0.87,0.93,0.58,0.31,0.63,0.93,,,,-1.02,1.11,0.6,0.65,0.68,0.94,-1.01,1.15,0.85,0.6,0.85,1.41,,,,-0.92,1.22,0.94,0.8,0.96,1.06,-1.13,0.98,0.94,0.57,0.86,0.99,,,,-1.2,0.87,0.75,0.7,0.86,0.92
Réunion,REU,,,,,,,,,,,,,,,,,,,,,,,,,,,,,,,1.21,0.43,1.18,1.21,1.08,1,1.25,0.7,1.03,1.1,1.08,0.78,,,,1.19,0.44,1.02,1.15,0.86,0.81,1.21,0.4,1.01,1.14,0.85,0.82,,,,1.25,0.43,1.01,1.09,0.84,0.79,,0.26,0.95,1.24,1.18,0.64,,,,,0.32,1.06,1.24,1.09,0.64
Romania,ROU,-0.45,0.6,-0.29,0.03,-0.02,-0.45,0.39,0.5,-0.57,0.22,-0.11,-0.62,7,1.75,0.25,0.47,-0.38,-0.37,-0.11,-0.2,-0.49,0.39,0.46,-0.2,0.04,-0.26,-0.44,,,,0.37,0.06,-0.21,0.16,-0.17,-0.3,0.52,0.15,-0.21,0.46,-0.12,-0.16,,,,0.51,0.18,-0.32,0.58,-0.01,-0.14,0.43,0.27,-0.27,0.64,0.05,-0.23,,,,0.32,0.08,-0.31,0.55,0.04,-0.26,0.43,0.05,-0.03,0.58,0.17,-0.11,,,,0.51,0.27,-0.17,0.59,0.3,0
Russian Federation,RUS,-1.05,-1.17,-0.45,-0.43,-0.79,-1.05,-0.41,-1.09,-0.73,-0.51,-0.88,-0.98,,,,-0.35,-1.4,-0.72,-0.58,-1.1,-1,-0.44,-0.72,-0.31,-0.24,-0.84,-0.93,3,1,0,-0.57,-1.51,-0.44,-0.12,-0.89,-0.8,-0.92,-0.91,-0.44,-0.4,-0.95,-0.91,,,,-0.87,-0.75,-0.36,-0.39,-0.96,-1.11,-0.89,-0.93,-0.47,-0.35,-0.76,-1.09,,,,-0.98,-0.82,-0.42,-0.34,-0.82,-1.04,-1.04,-0.94,-0.11,-0.39,-0.74,-0.92,2,0.67,-0.33,-1.21,-0.89,-0.22,-0.42,-0.8,-0.86
Rwanda,RWA,-0.75,-1.84,-1.15,-1.34,-1.5,-0.75,-1.41,-2.03,-0.88,-1.06,-1.35,-0.72,,,,-1.57,-1.69,-0.65,-1.01,-1.22,-0.6,-1.51,-1.65,-0.91,-0.71,-0.86,-0.42,,,,-1.35,-1.19,-0.56,-0.66,-0.82,-0.44,-1.22,-0.68,-0.25,-0.66,-0.68,-0.21,,,,-1.31,-0.32,-0.13,-0.51,-0.48,0.1,-1.33,-0.27,-0.05,-0.2,-0.33,0.35,,,,-1.28,-0.23,-0.05,-0.1,-0.27,0.56,-1.11,-0.31,-0.03,0.25,0.06,0.76,,,,-1.21,-0.05,0.11,0.11,0.07,0.69
Samoa,WSM,-0.03,1.32,0.39,0.03,0.95,-0.03,0.67,1.34,0.33,-0.17,0.67,-0.09,,,,0.8,1.28,0.44,0.06,0.78,0.09,0.76,1.1,0.45,0.04,1.03,0.07,,,,0.68,1.16,0.06,-0.03,0.85,0.13,0.64,1.1,0.32,-0.06,0.94,0.24,,,,0.58,1.1,0.16,-0.27,0.79,0.21,0.43,0.77,-0.04,-0.25,0.67,0.12,,,,0.35,1,-0.02,-0.33,0.68,0.11,0.67,1.12,0.45,-0.19,0.72,0.3,,,,0.76,1.19,0.54,-0.1,0.76,0.28
Saudi Arabia,SAU,-0.16,-0.19,-0.18,-0.31,0.11,-0.16,-1.62,0.11,-0.2,-0.27,0.07,-0.25,1,0.33,-1.67,-1.6,0.23,-0.22,-0.1,-0.15,-0.19,-1.7,0,-0.3,-0.05,0,0.2,0,0,-4,-1.32,-0.66,-0.36,0.05,0.02,-0.29,-1.78,-0.52,-0.17,-0.04,0.02,-0.19,1,0.33,-1.67,-1.73,-0.34,-0.09,0.12,0.07,-0.01,-1.79,-0.23,-0.01,0.16,0.16,0.04,,,,-1.87,-0.48,0.03,0.1,0.15,-0.04,-1.88,-0.29,0.21,0,0.13,0.09,,,,-1.78,-0.5,0.24,0.08,0.47,0.23
Sudan,SDN,-1.24,-2.48,-0.99,-1.36,-1.71,-1.24,-1.81,-2.26,-1.19,-1.34,-1.69,-1.07,,,,-1.75,-2.24,-1.17,-1.42,-1.6,-0.87,-1.54,-1.84,-1.11,-1.27,-1.36,-1.02,,,,-1.67,-1.55,-1.22,-1.17,-1.54,-1.28,-1.74,-2.14,-1.14,-1.22,-1.36,-1.18,,,,-1.64,-2.49,-1.27,-1.48,-1.42,-1.42,-1.73,-2.67,-1.34,-1.35,-1.31,-1.19,,,,-1.77,-2.26,-1.42,-1.49,-1.23,-1.49,-1.74,-2.36,-1.53,-1.44,-1.17,-1.45,,,,-1.8,-2.38,-1.41,-1.49,-1.26,-1.61
Senegal,SEN,-0.14,-0.6,0.08,-0.13,-0.18,-0.14,0.03,-0.99,-0.1,-0.15,0,-0.15,,,,0.2,-0.59,-0.12,-0.1,0.03,-0.08,0.38,-0.27,0.01,-0.17,0.07,0.18,8,1.6,0.2,0.17,0.03,-0.17,-0.26,0,-0.05,0.06,-0.26,-0.29,-0.31,-0.22,-0.37,,,,-0.21,-0.15,-0.16,-0.32,-0.28,-0.5,-0.27,-0.42,-0.58,-0.28,-0.4,-0.64,,,,0,-0.11,-0.47,-0.08,-0.29,-0.26,0.29,-0.2,-0.4,-0.22,-0.08,0.06,,,,0.37,-0.27,-0.47,-0.14,-0.19,-0.03
Singapore,SGP,2.11,1.12,1.99,2.18,1.24,2.11,0.11,0.93,2.15,2.23,1.27,2.11,,,,0.13,1.14,2.2,2.14,1.3,2.21,0.06,1.26,1.85,1.94,1.41,2.32,,,,0.08,1.09,1.99,1.77,1.66,2.33,-0.39,1.25,2.21,1.75,1.59,2.19,,,,-0.33,1.35,2.44,1.87,1.61,2.25,-0.21,1.17,2.24,1.79,1.63,2.18,,,,0.05,1.37,2.17,1.97,1.73,2.12,-0.1,1.19,2.18,2.23,1.82,2.07,,,,-0.28,1.53,2.21,2.18,1.83,2.07
Solomon Islands,SLB,0.34,1.03,,,0.74,0.34,0.78,1.11,-0.8,-1.14,0.3,0.03,,,,0.22,-0.74,-0.96,-1.39,-0.58,-0.36,0.39,-0.44,-2.05,-1.69,-0.91,-0.71,,,,-0.35,0.02,-1.27,-1.32,-0.89,-0.37,0.05,0.07,-1.01,-1.08,-0.6,-0.22,,,,0.02,0.21,-1,-1.2,-0.64,-0.37,0.07,0.34,-0.95,-1.19,-0.65,-0.35,,,,-0.03,0.19,-0.81,-1.04,-0.54,-0.36,0.23,0.47,-1.07,-1.08,-0.5,-0.28,,,,0.49,0.51,-0.99,-0.96,-0.34,-0.34
Sierra Leone,SLE,-0.76,-1.69,-1.41,-1.53,-1.38,-0.76,-1.13,-2.17,-1.38,-1.24,-1.11,-0.81,,,,-1.34,-1.87,-1.4,-1.33,-1.39,-0.89,-0.55,-0.69,-1.46,-1.23,-1.24,-0.83,,,,-0.31,-0.51,-1.08,-1.02,-1.13,-0.91,-0.33,-0.3,-1.11,-1.14,-0.99,-1.02,,,,-0.14,-0.24,-1.15,-0.98,-0.94,-0.97,-0.16,-0.24,-1.22,-0.74,-0.93,-0.77,,,,-0.32,-0.28,-1.23,-0.7,-0.85,-0.95,-0.29,-0.1,-1.24,-0.81,-0.92,-0.94,,,,-0.13,-0.16,-1.2,-0.93,-0.79,-0.82
El Salvador,SLV,-0.87,-0.21,-0.69,-0.19,-0.87,-0.87,0.04,0.09,-0.5,0.26,-0.66,-0.77,,,,-0.04,0.33,-0.53,0.14,-0.74,-0.52,0.12,0.3,-0.5,0.02,-0.51,-0.68,,,,0.02,-0.07,-0.34,0.06,-0.38,-0.42,0.1,-0.17,-0.15,0.04,-0.62,-0.3,,,,0.11,0.04,-0.16,0.21,-0.67,-0.36,0.07,0.06,0.01,0.36,-0.81,-0.28,,,,-0.04,0.23,-0.13,0.33,-0.7,-0.41,0.15,-0.02,-0.03,0.32,-0.48,-0.38,,,,0.28,-0.06,-0.28,0.09,-0.71,-0.57
San Marino,SMR,,,,,0.81,,1.3,,,,0.91,,,,,1.32,,,,0.86,,1.24,,,,0.86,,,,,1.17,1.13,,,0.84,,1.16,1.04,,,0.99,,,,,1.19,1.01,,,0.91,,1.17,1.45,,,0.89,,,,,1.21,1.03,,,0.93,,1.17,0.99,,,,,,,,1.2,0.93,,,,
Somalia,SOM,-1.27,-2.51,-1.96,-2.35,-2.14,-1.27,-1.82,-2.14,-2.07,-2.4,-2.23,-1.4,,,,-1.71,-1.95,-2.2,-2.45,-2.28,-1.57,-1.51,-2.38,-1.51,-2.06,-1.94,-1.04,,,,-1.81,-2.88,-2.05,-2.31,-2.27,-1.79,-1.76,-2.75,-2.19,-2.55,-2.34,-1.73,,,,-1.89,-3.28,-2.4,-2.65,-2.61,-1.87,-2.01,-3.13,-2.21,-2.39,-2.41,-1.74,,,,-2.2,-2.86,-2.2,-2.25,-2.42,-1.59,-2.11,-2.52,-2.45,-2.12,-2.35,-1.66,,,,-1.83,-2.33,-2.18,-2.27,-2.37,-1.69
São Tomé and Principe,STP,0.4,1.05,-0.38,-0.65,0.27,0.4,0.51,1.08,-0.61,-1.07,-0.2,0.01,,,,0.48,1.15,-0.46,-0.75,-0.02,0.2,0.56,0.55,-0.56,-0.46,-0.42,-0.07,,,,0.11,0.57,-0.61,-0.83,-0.32,-0.36,0.27,0.35,-0.77,-0.64,-0.49,-0.29,,,,0.18,0.18,-0.67,-0.71,-0.48,-0.3,0.12,0.12,-0.79,-0.84,-0.66,-0.25,,,,0.18,0.01,-0.68,-0.78,-0.75,-0.18,0.32,0.18,-0.82,-0.8,-0.79,0,,,,0.45,0.23,-0.68,-0.81,-0.69,-0.06
Suriname,SUR,0.19,0.44,-0.69,-0.54,-0.08,0.19,0.17,0.6,-0.47,-0.52,0.02,0.28,,,,0.44,0.21,-0.13,-0.57,-0.02,0.48,0.49,0.49,-0.17,-0.66,-0.11,0.28,,,,0.11,0.3,-0.03,-0.64,-0.17,0.28,0.51,-0.02,-0.32,-0.52,-0.22,-0.1,,,,0.61,0.1,-0.12,-0.54,-0.23,-0.02,0.38,0.08,-0.1,-0.67,-0.05,-0.33,,,,0.34,0.08,-0.01,-0.47,-0.06,-0.33,0.52,0.25,-0.18,-0.63,-0.14,-0.44,,,,0.46,0.27,-0.34,-0.63,-0.12,-0.32
Slovak Republic,SVK,0.22,0.88,0.46,0.67,0.16,0.22,0.71,1.18,0.54,0.51,0.22,0.09,,,,0.85,0.66,0.61,0.57,0.34,0.23,0.98,0.94,0.6,0.96,0.32,-0.01,,,,0.95,0.59,0.87,1.14,0.52,0.39,0.93,0.78,0.88,1.13,0.55,0.42,,,,0.94,1.08,0.86,1.12,0.59,0.36,0.91,1.05,0.84,1,0.57,0.29,4,1,-0.5,0.97,1.09,0.84,1.05,0.49,0.1,0.96,1.04,0.88,0.89,0.5,0.16,,,,0.94,0.62,0.89,0.89,0.69,0.24
Slovenia,SVN,1.11,1.31,0.89,1.09,1.07,1.11,1.2,1.24,0.83,1.07,1.26,1.21,,,,1.11,0.89,0.75,0.69,1.04,0.88,1.13,1.3,0.92,0.89,0.99,0.81,0,0,-1.67,1.11,1.08,0.92,0.85,0.93,1.03,1.07,1.08,0.96,0.8,0.91,1.03,,,,1.02,1.15,1.19,0.83,1.01,0.98,1.05,0.87,1.03,0.76,1.01,0.92,4,1.33,0,1,0.94,1.03,0.63,1.01,0.84,0.96,0.97,1.01,0.66,1,0.73,,,,1,0.99,1.12,0.64,1.08,0.8
Sweden,SWE,2.17,1.46,1.92,1.32,1.8,2.17,1.54,1.4,1.96,1.22,1.79,2.23,,,,1.57,1.39,1.96,1.41,1.83,2.3,1.51,1.48,2.03,1.64,1.88,2.26,5,1.25,0,1.74,1.36,2.12,1.68,1.89,2.16,1.49,1.29,1.8,1.44,1.86,2.2,5,1.25,-0.25,1.52,1.13,1.96,1.64,1.93,2.23,1.54,1.09,2,1.66,1.96,2.27,,,,1.69,1.17,1.96,1.91,1.95,2.31,1.61,1.07,1.8,1.81,1.99,2.15,,,,1.5,0.98,1.79,1.85,2.04,2.22
Swaziland,SWZ,0.04,-0.21,-0.64,-0.27,-0.47,0.04,-1.24,0,-0.59,-0.4,-0.53,0.07,,,,-1.46,0.04,-0.66,-0.42,-0.6,-0.19,-1.4,0.13,-0.52,-0.16,-0.67,-0.26,,,,-1.46,-0.01,-1.01,-0.63,-0.87,-0.53,-1.25,-0.27,-0.79,-0.51,-0.68,-0.22,8,2,1,-1.32,-0.08,-0.75,-0.57,-0.65,-0.22,-1.33,-0.08,-0.54,-0.6,-0.53,-0.23,4,1.33,0,-1.28,-0.41,-0.53,-0.55,-0.49,-0.41,-1.33,-0.5,-0.56,-0.46,-0.31,-0.43,6,1.5,0,-1.42,-0.49,-0.56,-0.58,-0.32,-0.44
Seychelles,SYC,0.55,1.05,0.64,0.31,0.6,0.55,0.13,1.08,0.31,-0.46,0.35,0.33,,,,0.04,1.28,0.06,-0.81,0.47,0.45,0.11,0.9,0.17,-0.65,0.32,0.34,,,,0.32,0.66,0.04,-0.87,0.16,0.27,0.09,0.91,-0.02,-0.62,0,0.12,,,,-0.01,0.75,0.09,-0.66,0.22,0.39,0.1,0.86,0.2,-0.5,0.03,0.45,,,,0.05,0.74,0.4,-0.28,-0.01,0.42,-0.05,0.36,0.36,-0.33,0.13,0.44,,,,0.16,0.72,0.36,-0.26,0.13,0.79
Syrian Arab Republic,SYR,-0.88,-0.35,-0.8,-1.07,-0.55,-0.88,-1.56,-0.04,-1.06,-1.25,-0.52,-0.91,,,,-1.63,-0.18,-0.96,-1.26,-0.49,-1.03,-1.62,0.28,-0.88,-1.01,-0.55,-0.39,,,,-1.51,-0.29,-1.04,-1.1,-0.47,-0.82,-1.76,-0.28,-0.92,-1.36,-0.94,-1.06,,,,-1.72,-0.34,-0.66,-1.14,-0.69,-1.15,-1.7,-0.81,-0.61,-0.9,-0.59,-1.13,,,,-1.84,-2.68,-1.15,-1.53,-1.13,-1.21,-1.88,-2.75,-1.4,-1.69,-1.36,-1.55,,,,-1.96,-2.91,-1.82,-1.67,-2.01,-1.57
Chad,TCD,-1.38,-1,-0.64,-1.23,-1.26,-1.38,-0.97,-1.3,-0.58,-0.89,-1.19,-1.26,,,,-0.98,-1.14,-0.7,-0.75,-1.09,-1.11,-0.94,-1.56,-0.85,-0.89,-1.05,-1.15,,,,-1.23,-1.54,-1.17,-0.85,-1.41,-1.38,-1.42,-1.83,-1.48,-1.1,-1.55,-1.35,,,,-1.45,-1.97,-1.58,-1.18,-1.62,-1.52,-1.36,-1.52,-1.47,-1.07,-1.5,-1.38,,,,-1.34,-1.04,-1.49,-1.07,-1.47,-1.31,-1.33,-1.57,-1.5,-1.16,-1.14,-1.32,,,,-1.34,-1.21,-1.49,-1.18,-1.43,-1.45
Togo,TGO,-0.84,-0.38,-0.69,-0.39,-0.73,-0.84,-1.12,-0.61,-0.89,-0.44,-0.73,-0.8,,,,-1.13,-0.29,-1.14,-0.61,-0.7,-0.76,-1.38,0.05,-1.28,-0.69,-0.78,-0.81,,,,-1.23,-0.32,-1.55,-0.76,-1.11,-0.96,-1.2,-0.53,-1.54,-0.88,-0.94,-1.04,0,0,-1.67,-0.99,-0.17,-1.5,-0.95,-0.83,-0.97,-0.95,-0.18,-1.39,-0.88,-0.92,-0.96,,,,-1,-0.39,-1.31,-0.84,-0.93,-1,-0.77,-0.17,-1.25,-0.82,-0.86,-0.89,,,,-0.51,-0.2,-1.08,-0.79,-0.68,-0.68
Thailand,THA,-0.36,0.47,0.18,0.06,0.54,-0.36,0.38,0.64,0.09,0.11,0.52,-0.07,,,,0.47,0.46,0.21,0.49,0.58,-0.19,0.32,0.51,0.31,0.18,0.38,-0.31,,,,0.13,-0.72,0.32,0.23,0.11,-0.23,-0.74,-1.13,0.45,0.24,-0.06,-0.38,,,,-0.53,-1.27,0.22,0.21,-0.14,-0.41,-0.5,-1.44,0.19,0.17,-0.2,-0.33,,,,-0.32,-1.22,0.22,0.24,-0.15,-0.37,-0.87,-0.91,0.34,0.27,-0.19,-0.45,,,,-1.1,-0.93,0.34,0.17,0.01,-0.4
Tajikistan,TJK,-1.27,-2.11,-1.41,-1.52,-1.65,-1.27,-1.51,-1.84,-1.41,-1.35,-1.54,-1.27,,,,-1.38,-1.65,-1.19,-1.12,-1.39,-1.28,-1.11,-0.98,-1.23,-1.27,-1.19,-1.17,,,,-1.22,-1.31,-0.97,-1.07,-1.17,-1.29,-1.35,-1.39,-1.06,-1.11,-1.18,-1.03,,,,-1.36,-0.83,-1.07,-1.09,-1.29,-1.18,-1.43,-1.03,-0.92,-1.02,-1.21,-1.29,,,,-1.42,-1.24,-0.93,-1,-1.2,-1.28,-1.5,-0.69,-0.78,-1.02,-1.01,-1.13,,,,-1.67,-0.79,-1.02,-1.09,-1.18,-1.07
Turkmenistan,TKM,-1.02,0.45,-1.15,-1.38,-1.49,-1.02,-1.66,0.2,-1.17,-1.89,-1.42,-1.1,,,,-1.69,0.01,-1.27,-1.86,-1.33,-1.13,-1.93,0.07,-1.46,-1.91,-1.41,-1.27,,,,-1.98,-0.12,-1.64,-1.99,-1.63,-1.47,-2.09,-0.25,-1.53,-2.13,-1.64,-1.52,,,,-2.11,0.53,-1.42,-2.02,-1.47,-1.5,-2.04,0.33,-1.56,-2.04,-1.49,-1.53,,,,-2.25,0.43,-1.26,-2.07,-1.4,-1.43,-2.26,0.07,-0.84,-2.06,-1.36,-1.31,,,,-2.13,-0.31,-1.14,-2.09,-1.56,-1.46
Timor-Leste,TMP,,,,,-1.57,,-1.7,,,,-1.57,,,,,-0.13,0.44,,,0.29,,0.27,-0.49,-0.73,-1.22,-0.83,-0.21,,,,-0.09,-0.16,-0.68,-1.11,-0.69,-0.3,0.06,-1.16,-1.2,-1.52,-1.09,-0.6,,,,0.22,-0.8,-1.05,-1.36,-1.05,-0.65,0.06,-0.47,-1.22,-1.11,-1.17,-0.76,,,,0.1,-0.28,-1.18,-1.02,-1.14,-0.74,0.15,-0.18,-1.18,-0.89,-1.12,-0.53,,,,0.24,-0.08,-1.03,-0.98,-1.2,-0.51
Tonga,TON,,,,,0.81,,0.25,,-0.27,-1.14,0.18,-0.2,,,,0.22,,-0.48,-0.63,0.24,-0.4,-0.02,,-0.81,-1.09,0.16,-0.54,,,,-0.19,0.82,-0.6,-0.74,0.07,-0.43,-0.03,0.47,-0.66,-0.67,0.59,-1.34,,,,-0.03,0.28,-0.46,-0.77,0.07,-0.66,0.29,0.69,-0.32,-0.58,0.07,-0.33,,,,0.34,0.89,-0.41,-0.63,-0.04,-0.32,0.66,0.85,-0.07,-0.41,-0.15,-0.31,,,,0.67,0.91,-0.29,-0.41,0.24,-0.44
Trinidad and Tobago,TTO,0.9,0.27,-0.1,0.6,0.53,0.9,0.84,0.41,0.3,0.68,0.56,0.59,,,,0.57,0.15,0.45,0.67,0.45,0.24,0.57,-0.09,0.36,0.74,0.46,-0.02,,,,0.57,-0.07,0.35,0.66,0.02,-0.03,0.61,-0.24,0.11,0.67,-0.19,-0.11,1,0.33,-1.33,0.53,-0.12,0.17,0.62,-0.19,-0.06,0.52,-0.05,0.27,0.52,-0.17,-0.17,,,,0.5,0.1,0.41,0.24,-0.14,-0.16,0.47,0.25,0.27,0.23,-0.09,-0.41,,,,0.6,0.28,0.22,0.09,-0.16,-0.26
Tunisia,TUN,-0.53,0.26,0.38,0.14,-0.3,-0.53,-0.82,0.27,0.53,-0.02,-0.24,-0.24,1,0.33,-1,-0.81,0.32,0.5,-0.02,-0.22,-0.23,-0.96,0.15,0.58,-0.12,-0.12,0.37,1,0.33,-1.33,-0.87,0.15,0.44,-0.09,0.05,0.08,-1.3,0.21,0.64,0.11,0.11,-0.19,1,0.33,-1,-1.35,0.1,0.31,0.06,0.07,-0.3,-1.42,-0.06,0.22,-0.03,0.06,-0.26,,,,-0.17,-0.72,-0.03,-0.19,-0.13,-0.06,0.19,-0.85,-0.12,-0.38,-0.11,-0.04,,,,0.33,-0.99,-0.21,-0.47,0.02,-0.12
Turkey,TUR,-0.15,-1.26,-0.08,0.1,-0.14,-0.15,-0.62,-1.23,-0.26,0.5,-0.06,-0.3,,,,-0.29,-0.8,0.01,0.35,-0.01,-0.2,-0.22,-0.81,0.08,0.1,-0.03,-0.52,13,1.86,0.57,0.01,-0.83,0.01,0.06,0.13,-0.18,-0.06,-0.59,0.12,0.29,0.05,0.03,,,,-0.04,-0.82,0.27,0.26,0.08,0.11,-0.08,-0.92,0.29,0.3,0.11,0.03,,,,-0.21,-1.22,0.41,0.42,0.04,0.16,-0.34,-1.09,0.37,0.4,0.01,-0.15,,,,-0.63,-2,0.05,0.2,-0.16,-0.2
Tuvalu,TUV,,,,,0.81,,1.3,,,,0.91,,,,,1.32,,0.5,0.39,1.36,0.47,1.18,,0.02,0.3,1.37,0.59,,,,0.46,1.27,-0.78,-0.04,0.88,0.64,0.78,1.35,-0.34,-0.73,1.09,-0.1,,,,0.8,1.34,-0.57,-1.09,0.99,-0.21,0.72,1.42,-0.49,-1.15,1,-0.26,,,,0.66,1.29,-0.69,-1.23,0.46,-0.35,1.05,1.3,-0.93,-0.88,0.37,-0.01,,,,1.09,1.4,-0.93,-0.59,0.46,0.03
"Taiwan, China",TWN,0.58,1.06,0.55,0.87,0.76,0.58,0.77,0.96,0.85,1.06,0.77,0.61,,,,0.85,0.54,0.74,1.15,0.83,0.73,0.97,0.7,0.79,1.05,0.89,0.64,,,,0.94,0.61,1.11,1.16,1,0.83,0.7,0.68,1.2,0.84,0.78,0.53,,,,0.72,0.84,1.14,1,0.79,0.52,0.83,0.86,1.18,1.12,1.01,0.74,,,,0.85,0.89,1.15,1.19,1.05,0.72,0.88,0.77,1.37,1.3,1.19,0.81,,,,1.04,0.93,1.37,1.29,1.14,0.86
Tanzania,TZA,-0.7,-0.62,-0.69,-0.44,-0.19,-0.7,-0.52,-0.41,-0.45,-0.4,-0.21,-0.79,,,,-0.47,-0.7,-0.42,-0.24,-0.35,-0.81,-0.4,-0.25,-0.4,-0.55,-0.34,-0.8,,,,-0.53,-0.67,-0.46,-0.47,-0.36,-0.56,-0.2,-0.36,-0.38,-0.39,-0.44,-0.23,,,,-0.17,-0.23,-0.49,-0.51,-0.35,-0.42,-0.13,0.01,-0.6,-0.42,-0.49,-0.54,,,,-0.18,0.05,-0.69,-0.39,-0.53,-0.76,-0.19,-0.6,-0.66,-0.33,-0.4,-0.75,,,,-0.18,-0.41,-0.55,-0.44,-0.39,-0.51
Uganda,UGA,-0.72,-1.53,-0.69,-0.03,-0.58,-0.72,-0.86,-1.1,-0.4,0.2,-0.53,-0.89,,,,-0.99,-1.25,-0.4,0.06,-0.79,-0.87,-0.93,-1.42,-0.44,-0.04,-0.61,-0.91,,,,-0.72,-1.31,-0.39,-0.03,-0.63,-0.78,-0.45,-1.14,-0.54,-0.24,-0.33,-0.79,,,,-0.51,-0.88,-0.58,-0.23,-0.35,-0.83,-0.52,-1,-0.53,-0.17,-0.4,-0.92,,,,-0.49,-0.87,-0.57,-0.24,-0.35,-0.99,-0.58,-0.94,-0.5,-0.22,-0.39,-1.09,,,,-0.71,-0.72,-0.57,-0.21,-0.24,-1.06
Ukraine,UKR,-1.11,-0.15,-0.67,-0.42,-0.82,-1.11,-0.24,-0.12,-0.88,-0.76,-1,-1.27,,,,-0.61,-0.41,-0.7,-0.53,-1.11,-1.15,-0.52,-0.3,-0.62,-0.58,-0.81,-1.05,,,,-0.67,-0.47,-0.6,-0.4,-0.76,-0.93,0.05,-0.04,-0.49,-0.52,-0.8,-0.75,7,1.4,-0.4,0.09,0.04,-0.72,-0.53,-0.68,-0.84,-0.08,0.01,-0.78,-0.52,-0.81,-1.03,,,,-0.28,-0.09,-0.58,-0.6,-0.78,-1.08,-0.14,-2.02,-0.41,-0.63,-0.79,-0.99,,,,0.02,-1.89,-0.58,-0.43,-0.77,-0.84
Uruguay,URY,1.12,0.62,0.58,0.84,0.56,1.12,0.97,0.77,0.47,0.84,0.66,1.08,,,,0.99,0.93,0.45,0.7,0.59,0.93,1.05,0.84,0.61,0.53,0.68,0.91,7,1.4,0,0.84,0.59,0.32,0.26,0.46,0.9,1.03,0.9,0.39,0.37,0.56,1.11,,,,1.06,0.85,0.5,0.26,0.6,1.31,1.15,0.82,0.63,0.39,0.74,1.28,11,1.57,0.43,1.06,0.71,0.44,0.44,0.59,1.36,1.11,0.99,0.48,0.53,0.71,1.38,6,1.5,-0.5,1.18,1.1,0.55,0.49,0.63,1.32
United States,USA,1.57,0.94,1.52,1.59,1.5,1.57,1.34,0.88,1.76,1.67,1.61,1.6,0,0,-1.33,1.31,1.08,1.8,1.76,1.59,1.66,1.34,0.29,1.68,1.6,1.55,1.92,2,0.67,-0.33,1.33,-0.23,1.76,1.57,1.44,1.83,1.1,0.49,1.59,1.64,1.61,1.35,1,0.33,-1.33,1.14,0.59,1.61,1.53,1.64,1.45,1.13,0.44,1.56,1.45,1.64,1.27,5,1.25,0,1.16,0.63,1.53,1.3,1.63,1.41,1.07,0.58,1.47,1.28,1.61,1.38,4,1,-0.25,1.1,0.35,1.48,1.5,1.67,1.33
Uzbekistan,UZB,-1.13,-0.55,-1.2,-1.78,-1.24,-1.13,-1.76,-0.68,-1.33,-2.13,-1.28,-1.16,,,,-1.83,-1.31,-0.98,-2.1,-1.22,-1.05,-1.81,-1.06,-1.19,-1.52,-1.48,-1.03,,,,-1.78,-1.46,-1.03,-1.62,-1.32,-1.13,-2.07,-1.78,-1.16,-1.61,-1.45,-1,,,,-2.1,-1.21,-0.87,-1.37,-1.17,-1.06,-2.09,-0.72,-0.71,-1.55,-1.42,-1.3,,,,-2.03,-0.52,-0.91,-1.58,-1.29,-1.3,-1.91,-0.27,-0.63,-1.71,-1.13,-1.19,,,,-1.89,-0.34,-0.6,-1.62,-1.13,-1.2
St. Vincent and the Grenadines,VCT,,1.03,,,0.81,,1.06,1.11,-0.13,0.3,0.42,0.19,,,,1.06,1.22,0.08,0.23,0.85,0.11,1.02,0.36,-0.13,0.2,0.92,0.32,,,,0.68,1.03,0.17,0.16,0.72,0.31,1.06,1.06,0.67,0.89,0.83,0.88,,,,1.07,0.8,0.69,0.54,0.9,0.98,1.13,0.79,0.71,0.45,0.88,1.01,,,,1.02,0.93,0.84,0.38,0.91,0.94,1.15,0.82,0.13,0.36,0.55,0.62,,,,1.04,1.01,0.21,0.28,0.41,0.68
"Venezuela, RB",VEN,-0.86,-0.58,-0.54,-0.31,-0.75,-0.86,0.11,-0.54,-0.79,-0.27,-0.68,-0.92,,,,-0.07,-0.76,-0.74,-0.52,-0.86,-0.67,-0.46,-1.32,-1.01,-0.64,-1.13,-1.06,,,,-0.6,-1.39,-1.07,-1.1,-1.24,-0.98,-0.62,-1.25,-1.06,-1.21,-1.42,-1.04,,,,-0.75,-1.31,-1.14,-1.39,-1.62,-1.17,-0.87,-1.26,-1.11,-1.62,-1.65,-1.23,,,,-0.91,-1.03,-1.15,-1.52,-1.69,-1.27,-1.08,-0.85,-1.23,-1.82,-1.92,-1.4,,,,-1.13,-1.03,-1.29,-2,-2.18,-1.39
Virgin Islands (U.S.),VIR,,,,,,,,,,,,,,,,,,,,,,,,,,,,,,,0.76,0.84,0.66,1.28,1.21,0.67,0.78,0.51,1.29,0.61,1.08,0.78,,,,0.75,0.51,1.28,0.64,0.86,0.81,0.77,0.34,1.26,0.64,0.85,0.82,,,,0.8,0.68,1.27,0.6,0.84,0.79,,1.16,1.21,0.53,0.02,0.64,,,,,1,1.33,0.87,0.62,0.64
Vietnam,VNM,-0.49,0.53,-0.58,-0.6,-0.48,-0.49,-1.35,0.32,-0.38,-0.69,-0.45,-0.47,,,,-1.24,0.41,-0.44,-0.73,-0.36,-0.57,-1.45,0.35,-0.44,-0.72,-0.64,-0.57,,,,-1.34,0.15,-0.48,-0.56,-0.57,-0.73,-1.54,0.4,-0.25,-0.62,-0.52,-0.75,,,,-1.5,0.16,-0.21,-0.62,-0.47,-0.71,-1.5,0.15,-0.26,-0.62,-0.59,-0.62,,,,-1.42,0.27,-0.27,-0.67,-0.55,-0.53,-1.37,-0.02,-0.07,-0.59,-0.36,-0.44,,,,-1.41,0.17,0.01,-0.45,0.05,-0.4
Vanuatu,VUT,0.22,1.03,,,0.32,0.22,0.64,1.11,-0.4,-0.42,0.01,0.1,,,,0.64,1.22,-0.53,-0.43,0.39,-0.28,0.81,1.16,-0.79,-1.1,0.25,-0.29,,,,0.28,0.62,-0.63,-0.37,0.07,-0.32,0.45,1.35,-0.43,0.01,0.55,0.17,,,,0.48,1.18,-0.3,-0.67,0.46,0.29,0.5,1.28,-0.27,-0.75,0.26,0.29,,,,0.4,1.2,-0.22,-0.73,0.28,0.34,0.59,0.64,-0.53,-0.32,0.18,0.46,,,,0.69,0.51,-0.88,-0.29,0.32,-0.1
West Bank and Gaza,WBG,0.04,-1.54,-1.15,-0.89,-0.04,0.04,-0.72,-1.54,-1.11,-0.88,-0.03,0.04,,,,-0.77,-1.55,-1.18,-0.9,-0.08,-0.08,-0.81,-1.65,-1,-0.97,-0.33,-0.32,,,,-0.68,-1.13,-0.78,-0.63,-0.26,-0.01,-0.43,-1.73,-0.97,-1.01,-0.39,-0.3,,,,-0.86,-2,-1.27,-1.12,-0.76,-0.44,-0.82,-1.97,-0.37,0.21,-0.2,-0.11,,,,-0.94,-1.96,-0.71,0.08,-0.44,-0.25,-0.88,-1.99,-0.49,0.21,-0.39,-0.28,,,,-1.17,-2.1,-0.62,0.06,-0.31,-0.15
"Jersey, Channel Islands",JEY,,,,,,,,,,,,,,,,,,,,,,,,,,,,,,,,,,,,,,,,,,,,,,,,,,,,,,,,,,,,,1.29,1.48,1.45,1.16,1.72,1.22,1.28,1.46,1.35,1.17,1.74,1.21,,,,1.27,1.32,1.28,0.7,1.74,1.14
"Yemen, Rep.",YEM,-0.74,-1.31,-0.62,-0.44,-1.38,-0.74,-0.78,-1.19,-0.74,-0.44,-1.32,-0.98,,,,-0.8,-1.14,-0.78,-0.66,-1.46,-1.05,-1.16,-1.31,-0.81,-0.8,-1.53,-0.98,,,,-0.97,-1.55,-0.91,-0.85,-1.22,-1.08,-1.19,-1.35,-0.9,-0.77,-1.04,-0.79,,,,-1.22,-2.01,-0.88,-0.72,-0.98,-0.79,-1.33,-2.42,-1.02,-0.62,-1.09,-1.19,,,,-1.35,-2.43,-1.27,-0.69,-1.27,-1.25,-1.3,-2.67,-1.41,-0.89,-1.2,-1.56,,,,-1.65,-2.79,-1.82,-1.48,-1.6,-1.67
Serbia,SRB,-1.14,-1.03,-1.06,-0.72,-1.26,-1.14,-0.97,-2.14,-0.88,-0.82,-1.26,-1.2,7,1.75,0.25,-0.64,-1.64,-0.85,-0.86,-1.27,-1.18,0,-0.51,-0.51,-0.62,-0.86,-0.87,,,,-0.18,-0.51,-0.21,-0.45,-0.72,-0.5,0.21,-0.54,-0.21,-0.44,-0.53,-0.29,0,0,-2.67,0.28,-0.54,-0.19,-0.29,-0.5,-0.31,0.29,-0.42,-0.05,-0.02,-0.37,-0.29,3,1,-0.33,0.2,-0.22,-0.1,-0.06,-0.36,-0.33,0.21,0.18,0.09,0.14,-0.15,-0.23,,,,0.21,0.05,0.09,0.06,-0.12,-0.31
South Africa,ZAF,0.73,-0.38,1.02,0.52,0.09,0.73,0.85,-0.54,0.66,0.33,0.27,0.67,2,0.67,-1,0.75,-0.23,0.73,0.44,0.2,0.63,0.66,-0.25,0.67,0.66,0.13,0.35,4,1.33,0,0.72,-0.13,0.64,0.66,0.11,0.46,0.65,0.05,0.44,0.68,0.26,0.45,,,,0.58,0.05,0.51,0.5,0.07,0.21,0.6,-0.03,0.39,0.36,0.14,0.13,4,1.33,-0.67,0.58,-0.03,0.35,0.38,0.11,-0.12,0.64,-0.15,0.34,0.29,0.18,-0.06,,,,0.64,-0.13,0.27,0.21,0.07,0.05
"Congo, Dem. Rep.",COD,-1.65,-2.68,-1.65,-1.76,-1.88,-1.65,-1.73,-2.84,-1.88,-2.3,-2.13,-1.72,,,,-1.73,-2.48,-1.88,-2.03,-1.91,-1.55,-1.61,-1.98,-1.69,-1.47,-1.66,-1.29,,,,-1.7,-2.39,-1.45,-1.61,-1.72,-1.45,-1.23,-2.25,-1.62,-1.31,-1.62,-1.53,,,,-1.39,-2.01,-1.67,-1.3,-1.56,-1.24,-1.41,-2.2,-1.74,-1.59,-1.62,-1.44,,,,-1.48,-2.09,-1.65,-1.49,-1.66,-1.31,-1.29,-2.17,-1.56,-1.36,-1.45,-1.3,,,,-1.39,-2.2,-1.51,-1.32,-1.61,-1.33
Zambia,ZMB,-0.84,-0.16,-1.13,-0.48,-0.53,-0.84,-0.48,0.22,-0.87,-0.11,-0.37,-0.77,,,,-0.41,0.03,-0.88,-0.26,-0.48,-0.72,-0.32,-0.28,-0.78,-0.6,-0.31,-0.73,,,,-0.44,0.19,-0.87,-0.54,-0.49,-0.59,-0.21,0.36,-0.85,-0.62,-0.54,-0.55,,,,-0.16,0.47,-0.73,-0.46,-0.41,-0.39,-0.24,0.52,-0.85,-0.5,-0.49,-0.51,,,,-0.13,0.66,-0.48,-0.43,-0.37,-0.28,-0.11,0.16,-0.5,-0.5,-0.24,-0.34,,,,-0.3,0.18,-0.66,-0.48,-0.3,-0.4
Zimbabwe,ZWE,-0.28,-0.46,-0.32,-0.77,-0.81,-0.28,-0.79,-0.74,-0.33,-0.7,-0.66,-0.48,,,,-1.09,-1.32,-0.8,-1.42,-1.34,-0.98,-1.36,-1.52,-0.91,-1.93,-1.59,-1.23,,,,-1.55,-1.21,-1,-2.06,-1.8,-1.33,-1.54,-0.93,-1.23,-1.96,-1.74,-1.36,,,,-1.55,-1.21,-1.53,-2.14,-1.78,-1.36,-1.48,-1.1,-1.51,-2.07,-1.82,-1.37,,,,-1.47,-0.78,-1.34,-1.89,-1.63,-1.37,-1.26,-0.71,-1.21,-1.9,-1.43,-1.39,,,,-1.11,-0.61,-1.16,-1.72,-1.32,-1.28
